Row,Geographical Area, Total Population Change - Decade, Natural Increase - Decade, Births - Decade, Deaths - Decade, Total - Decade, International - Decade, Domestic - Decade, Total Population Change - Annual, Natural Increase - Annual, Births - Annual, Deaths - Annual, Total - Annual, International - Annual, Domestic - Annual
0,United States,19481418,11621558,36275313,24653755,7859860,7859860,0,1552022,956674,3791712,2835038,595348,595348,0
2,.Abilene TX Metro Area,6808,6432,21881,15449,431,3167,-2736,910,609,2361,1752,310,220,90
3,.Akron OH Metro Area,283,3307,69159,65852,-2597,13086,-15683,-376,0,7196,7196,-354,836,-1190
4,.Albany GA Metro Area,-7307,5423,18764,13341,-12853,865,-13718,-1114,350,1891,1541,-1465,51,-1516
5,.Albany-Lebanon OR Metro Area,13068,2217,13642,11425,10883,204,10679,2298,202,1512,1310,2087,21,2066
6,.Albany-Schenectady-Troy NY Metro Area,9668,11001,83501,72500,-858,16398,-17256,-1882,469,8704,8235,-2342,1033,-3375
7,.Albuquerque NM Metro Area,30955,28587,95682,67095,2884,11273,-8389,3071,1577,9520,7943,1541,753,788
8,.Alexandria LA Metro Area,-1881,3625,18768,15143,-5434,657,-6091,-725,250,1875,1625,-976,15,-991
9,.Allentown-Bethlehem-Easton PA-NJ Metro Area,22779,4407,78967,74560,18984,24110,-5126,1426,453,8556,8103,1008,1200,-192
10,.Altoona PA Metro Area,-5288,-3044,11809,14853,-2137,266,-2403,-674,-473,1146,1619,-195,30,-225
11,.Amarillo TX Metro Area,13118,12500,33935,21435,497,6326,-5829,647,990,3314,2324,-342,482,-824
12,.Ames IA Metro Area,7501,3771,11201,7430,3706,6347,-2641,258,324,1140,816,-69,340,-409
13,.Anchorage AK Metro Area,15496,33779,54430,20651,-18670,9059,-27729,-1319,2798,5291,2493,-4126,380,-4506
14,.Ann Arbor MI Metro Area,22438,13531,33966,20435,9093,18202,-9109,-1882,1025,3473,2448,-2938,1160,-4098
15,.Anniston-Oxford AL Metro Area,-4921,-926,12345,13271,-3943,554,-4497,-726,-263,1269,1532,-461,14,-475
16,.Appleton WI Metro Area,12307,10484,25919,15435,1991,1718,273,963,982,2658,1676,-10,117,-127
17,.Asheville NC Metro Area,37817,-4461,40584,45045,41934,901,41033,3366,-868,4264,5132,4224,84,4140
18,.Athens-Clarke County GA Metro Area,21183,7664,20479,12815,13387,4305,9082,2282,661,2178,1517,1628,352,1276
19,.Atlanta-Sandy Springs-Alpharetta GA Metro Area,733646,343765,673437,329672,389077,144048,245029,75061,31449,72487,41038,43584,12541,31043
20,.Atlantic City-Hammonton NJ Metro Area,-10855,3762,28213,24451,-14717,7275,-21992,-319,-75,2718,2793,-236,271,-507
21,.Auburn-Opelika AL Metro Area,24255,7301,16800,9499,16776,4442,12334,886,692,1825,1133,191,303,-112
22,.Augusta-Richmond County GA-SC Metro Area,44087,19584,68807,49223,24442,5614,18828,4759,1519,7311,5792,3252,289,2963
23,.Austin-Round Rock-Georgetown TX Metro Area,510760,149806,239673,89867,355902,62740,293162,61586,14670,26115,11445,46614,5280,41334
24,.Bakersfield CA Metro Area,60581,74264,128382,54118,-13469,7091,-20560,6444,6666,13144,6478,-210,81,-291
25,.Baltimore-Columbia-Towson MD Metro Area,89455,85415,309615,224200,5900,63529,-57629,-690,5871,32143,26272,-6487,4412,-10899
26,.Bangor ME Metro Area,-1783,-1025,13391,14416,-654,829,-1483,331,-216,1378,1594,553,62,491
27,.Barnstable Town MA Metro Area,-2890,-12324,14442,26766,9657,3193,6464,-481,-1393,1524,2917,933,317,616
28,.Baton Rouge LA Metro Area,28967,39336,104150,64814,-10415,7906,-18321,358,3326,10800,7474,-2986,653,-3639
29,.Battle Creek MI Metro Area,-1991,1283,15001,13718,-3249,2544,-5793,110,102,1497,1395,14,198,-184
30,.Bay City MI Metro Area,-4647,-1418,9713,11131,-3171,186,-3357,-576,-182,981,1163,-389,-5,-384
31,.Beaumont-Port Arthur TX Metro Area,3814,12241,49027,36786,-8395,5360,-13755,-1252,925,4998,4073,-2183,353,-2536
32,.Beckley WV Metro Area,-9147,-2917,12607,15524,-6186,457,-6643,-1387,-597,1125,1722,-784,0,-784
33,.Bellingham WA Metro Area,28101,6275,20961,14686,21826,3788,18038,4050,542,2204,1662,3490,403,3087
34,.Bend OR Metro Area,39964,3342,16324,12982,36236,-263,36499,5787,309,1857,1548,5446,-52,5498
35,.Billings MT Metro Area,14502,4545,19614,15069,9967,598,9369,1464,354,2007,1653,1115,54,1061
36,.Binghamton NY Metro Area,-13033,-434,23118,23552,-12668,3636,-16304,-1675,-260,2345,2605,-1420,239,-1659
37,.Birmingham-Hoover AL Metro Area,29396,26658,126000,99342,3387,8320,-4933,2468,1728,13084,11356,779,671,108
38,.Bismarck ND Metro Area,18324,6700,15869,9169,11386,1131,10255,670,581,1636,1055,91,134,-43
39,.Blacksburg-Christiansburg VA Metro Area,4571,962,13760,12798,3636,5090,-1454,39,-13,1422,1435,51,283,-232
40,.Bloomington IL Metro Area,1940,8212,18987,10775,-6357,6019,-12376,-893,631,1877,1246,-1535,567,-2102
41,.Bloomington IN Metro Area,9695,3249,13902,10653,6496,9088,-2592,1138,203,1406,1203,937,1223,-286
42,.Bloomsburg-Berwick PA Metro Area,-2361,-1029,7446,8475,-1264,514,-1778,-261,-225,726,951,-30,8,-38
43,.Boise City ID Metro Area,132636,36840,78969,42129,95236,6060,89176,20291,3522,8479,4957,16684,-75,16759
44,.Boston-Cambridge-Newton MA-NH Metro Area,320424,141612,475777,334165,182147,285199,-103052,13483,12428,50726,38298,1139,24391,-23252
48,.Boulder CO Metro Area,31636,10172,26198,16026,21441,8470,12971,1560,674,2609,1935,896,938,-42
49,.Bowling Green KY Metro Area,20627,5949,19566,13617,14662,4654,10008,2376,697,2228,1531,1677,107,1570
50,.Bremerton-Silverdale-Port Orchard WA Metro Area,20330,8056,27849,19793,12195,2148,10047,2197,648,3023,2375,1544,75,1469
51,.Bridgeport-Stamford-Norwalk CT Metro Area,26428,31206,92947,61741,-4739,44863,-49602,-639,2643,9603,6960,-3343,4737,-8080
52,.Brownsville-Harlingen TX Metro Area,16948,41223,65142,23919,-24410,4200,-28610,1024,3414,6202,2788,-2396,11,-2407
53,.Brunswick GA Metro Area,6394,1334,12065,10731,5067,503,4564,497,-32,1248,1280,530,8,522
54,.Buffalo-Cheektowaga NY Metro Area,-7631,-4,111885,111889,-6892,24110,-31002,-1794,-324,11823,12147,-1444,1339,-2783
55,.Burlington NC Metro Area,18354,2158,16914,14756,16212,701,15511,2995,330,1976,1646,2655,67,2588
56,.Burlington-South Burlington VT Metro Area,9147,5838,20120,14282,3497,5694,-2197,472,487,2087,1600,-10,323,-333
57,.California-Lexington Park MD Metro Area,8366,5788,12990,7202,2616,1323,1293,790,445,1319,874,348,60,288
58,.Canton-Massillon OH Metro Area,-6905,-503,40730,41233,-6051,1073,-7124,-810,-141,4254,4395,-652,25,-677
59,.Cape Coral-Fort Myers FL Metro Area,151822,-1952,60521,62473,152286,26032,126254,16107,-1190,6760,7950,17226,2183,15043
60,.Cape Girardeau MO-IL Metro Area,495,1287,10455,9168,-771,1220,-1991,-103,132,1080,948,-234,128,-362
61,.Carbondale-Marion IL Metro Area,-3384,1846,14376,12530,-5323,2432,-7755,-930,22,1431,1409,-954,212,-1166
62,.Carson City NV Metro Area,647,-1018,5427,6445,1641,-181,1822,714,-39,598,637,752,-43,795
63,.Casper WY Metro Area,4410,3455,9996,6541,826,506,320,683,219,953,734,464,103,361
64,.Cedar Rapids IA Metro Area,15084,10308,30195,19887,4995,3145,1850,971,948,3214,2266,36,185,-149
65,.Chambersburg-Waynesboro PA Metro Area,5396,3065,16994,13929,2510,1461,1049,448,98,1730,1632,359,53,306
66,.Champaign-Urbana IL Metro Area,8227,10012,23441,13429,-1912,17285,-19197,-251,857,2405,1548,-1125,1607,-2732
67,.Charleston WV Metro Area,-20911,-5096,27559,32655,-15683,716,-16399,-3206,-920,2631,3551,-2284,-25,-2259
68,.Charleston-North Charleston SC Metro Area,137477,34811,86195,51384,101288,8231,93057,14000,2824,9350,6526,11128,788,10340
69,.Charlotte-Concord-Gastonia NC-SC Metro Area,392920,110931,281325,170394,280220,49640,230580,43933,10605,31214,20609,33262,5120,28142
70,.Charlottesville VA Metro Area,17046,5913,20988,15075,11220,6113,5107,1280,564,2290,1726,719,332,387
71,.Chattanooga TN-GA Metro Area,37068,7014,58213,51199,30065,3828,26237,4362,336,6274,5938,4019,424,3595
72,.Cheyenne WY Metro Area,7615,4474,11829,7355,3119,429,2690,635,395,1269,874,243,1,242
73,.Chicago-Naperville-Elgin IL-IN-WI Metro Area,-2998,438246,1085985,647739,-441506,197093,-638599,-25619,33924,108425,74501,-59693,15257,-74950
78,.Chico CA Metro Area,-819,782,22527,21745,-1604,1640,-3244,-11153,-105,2422,2527,-11146,103,-11249
79,.Cincinnati OH-KY-IN Metro Area,83495,73617,253180,179563,11213,31157,-19944,9272,6613,26892,20279,2740,1547,1193
80,.Clarksville TN-KY Metro Area,33878,27663,47474,19811,5746,6228,-482,3519,2866,5245,2379,641,-55,696
81,.Cleveland TN Metro Area,9195,1074,12549,11475,8139,1088,7051,974,58,1406,1348,920,170,750
82,.Cleveland-Elyria OH Metro Area,-28828,14479,212523,198044,-42445,36318,-78763,-5346,539,22003,21464,-5817,1433,-7250
83,.Coeur d'Alene ID Metro Area,27231,4026,16346,12320,23102,-645,23747,4488,312,1815,1503,4159,-118,4277
84,.College Station-Bryan TX Metro Area,36060,16008,28760,12752,19989,12665,7324,3393,1511,3041,1530,1883,1063,820
85,.Colorado Springs CO Metro Area,100179,47495,87988,40493,52570,11220,41350,8589,4645,9688,5043,3922,523,3399
86,.Columbia MO Metro Area,17775,9826,22230,12404,7970,5743,2227,1427,897,2324,1427,534,534,0
87,.Columbia SC Metro Area,70964,25002,86594,61592,46188,13450,32738,6743,1841,9110,7269,4913,1440,3473
88,.Columbus GA-AL Metro Area,12570,15057,42452,27395,-3121,7830,-10951,2837,1184,4313,3129,1658,358,1300
89,.Columbus IN Metro Area,6996,2922,9717,6795,4104,3974,130,1057,281,1015,734,780,629,151
90,.Columbus OH Metro Area,220263,108626,251291,142665,112154,58853,53301,18077,10392,27096,16704,7778,4032,3746
91,.Corpus Christi TX Metro Area,23999,21115,53060,31945,2943,5884,-2941,327,1822,5382,3560,-1497,392,-1889
92,.Corvallis OR Metro Area,7472,1494,6730,5236,5963,4555,1408,611,117,701,584,499,331,168
93,.Crestview-Fort Walton Beach-Destin FL Metro Area,48939,10408,31828,21420,38062,3974,34088,7143,814,3472,2658,6294,81,6213
94,.Cumberland MD-WV Metro Area,-5988,-2669,8748,11417,-3284,583,-3867,-610,-328,889,1217,-279,38,-317
95,.Dallas-Fort Worth-Arlington TX Metro Area,1206599,517590,903051,385461,686884,237927,448957,117380,50600,97911,47311,66665,20064,46601
98,.Dalton GA Metro Area,2491,6549,17422,10873,-4009,625,-4634,532,527,1780,1253,8,62,-54
99,.Danville IL Metro Area,-5867,484,9452,8968,-6361,214,-6575,-944,-27,918,945,-918,19,-937
100,.Daphne-Fairhope-Foley AL Metro Area,40969,1650,20641,18991,38880,1343,37537,5379,-22,2304,2326,5377,80,5297
101,.Davenport-Moline-Rock Island IA-IL Metro Area,-509,8550,43301,34751,-8953,5209,-14162,-872,560,4349,3789,-1425,362,-1787
102,.Dayton-Kettering OH Metro Area,8331,10890,88783,77893,-2113,13473,-15586,2523,885,9391,8506,1681,785,896
103,.Decatur AL Metro Area,-1224,915,16512,15597,-2051,998,-3049,459,7,1751,1744,464,110,354
104,.Decatur IL Metro Area,-6768,1045,12367,11322,-7840,463,-8303,-495,35,1258,1223,-530,34,-564
105,.Deltona-Daytona Beach-Ormond Beach FL Metro Area,78077,-21838,52064,73902,99352,11264,88088,10179,-2823,5740,8563,12953,441,12512
106,.Denver-Aurora-Lakewood CO Metro Area,423631,162267,320151,157884,257992,61997,195995,35574,14935,34138,19203,20531,7266,13265
107,.Des Moines-West Des Moines IA Metro Area,92818,40673,85530,44857,51899,11716,40183,8377,4136,9311,5175,4237,519,3718
108,.Detroit-Warren-Dearborn MI Metro Area,23402,84753,462696,377943,-61318,110907,-172225,-2455,6728,48879,42151,-9139,7516,-16655
111,.Dothan AL Metro Area,3718,1157,16420,15263,2667,213,2454,1109,34,1749,1715,1080,3,1077
112,.Dover DE Metro Area,18436,6171,20448,14277,12260,2127,10133,2246,370,2127,1757,1874,62,1812
113,.Dubuque IA Metro Area,3668,2707,11009,8302,1034,815,219,389,229,1136,907,166,60,106
114,.Duluth MN-WI Metro Area,-1904,-1025,26864,27889,-609,1537,-2146,-528,-270,2746,3016,-243,76,-319
115,.Durham-Chapel Hill NC Metro Area,80174,25573,65747,40174,54198,19005,35193,6866,2122,7029,4907,4734,1848,2886
116,.East Stroudsburg PA Metro Area,430,72,13202,13130,344,2408,-2064,977,-73,1545,1618,1064,153,911
117,.Eau Claire WI Metro Area,7921,4752,17465,12713,3273,1041,2232,840,476,1808,1332,370,95,275
118,.El Centro CA Metro Area,6691,18410,27894,9484,-11851,2063,-13914,-308,1649,2728,1079,-1967,33,-2000
119,.Elizabethtown-Fort Knox KY Metro Area,5597,6204,18197,11993,-784,2157,-2941,727,506,1888,1382,227,-76,303
120,.Elkhart-Goshen IN Metro Area,8772,13069,28381,15312,-4216,985,-5201,724,1385,3054,1669,-661,209,-870
121,.Elmira NY Metro Area,-5391,94,8887,8793,-5499,356,-5855,-479,-84,859,943,-394,17,-411
122,.El Paso TX Metro Area,40015,74054,121572,47518,-34305,18153,-52458,2511,6085,11654,5569,-3575,225,-3800
123,.Enid OK Metro Area,476,2377,8684,6307,-1882,1641,-3523,-39,243,864,621,-283,147,-430
124,.Erie PA Metro Area,-10856,2456,28804,26348,-13316,5680,-18996,-1816,54,2855,2801,-1872,525,-2397
125,.Eugene-Springfield OR Metro Area,30362,588,32589,32001,29917,5052,24865,3518,-206,3425,3631,3717,230,3487
126,.Evansville IN-KY Metro Area,3538,4334,34097,29763,-558,1942,-2500,426,161,3448,3287,279,274,5
127,.Fairbanks AK Metro Area,-736,11008,15436,4428,-11928,2339,-14267,-1716,1027,1533,506,-2747,16,-2763
128,.Fargo ND-MN Metro Area,37368,16854,30570,13716,20299,6674,13625,1834,1793,3362,1569,48,516,-468
129,.Farmington NM Metro Area,-6087,6996,16172,9176,-13162,109,-13271,-1541,301,1410,1109,-1849,-12,-1837
130,.Fayetteville NC Metro Area,45708,42745,77225,34480,1623,14235,-12612,4258,3985,8096,4111,271,363,-92
131,.Fayetteville-Springdale-Rogers AR Metro Area,94783,32777,64207,31430,61505,10695,50810,9665,3594,7154,3560,6043,266,5777
132,.Flagstaff AZ Metro Area,9050,7792,15157,7365,1238,1311,-73,953,612,1513,901,338,25,313
133,.Flint MI Metro Area,-19974,4066,45082,41016,-24248,1840,-26088,-875,43,4600,4557,-909,117,-1026
134,.Florence SC Metro Area,-665,1762,23172,21410,-2246,819,-3065,-125,-47,2351,2398,-69,128,-197
135,.Florence-Muscle Shoals AL Metro Area,833,-2523,14204,16727,3481,767,2714,362,-349,1506,1855,719,108,611
136,.Fond du Lac WI Metro Area,1780,1399,10048,8649,432,1265,-833,402,157,1068,911,253,74,179
137,.Fort Collins CO Metro Area,57269,11605,31320,19715,45121,4487,40634,6239,1042,3337,2295,5175,537,4638
138,.Fort Smith AR-OK Metro Area,2128,5187,29653,24466,-2941,1267,-4208,70,559,3228,2669,-482,-24,-458
139,.Fort Wayne IN Metro Area,24637,20290,51797,31507,4659,5989,-1330,4137,2090,5564,3474,2059,759,1300
140,.Fresno CA Metro Area,68594,80755,142608,61853,-11772,9639,-21411,7151,7039,14506,7467,131,479,-348
141,.Gadsden AL Metro Area,-2161,-1921,10979,12900,-142,273,-415,-343,-312,1175,1487,-25,37,-62
142,.Gainesville FL Metro Area,24052,7889,31837,23948,16211,10747,5464,1195,528,3366,2838,661,800,-139
143,.Gainesville GA Metro Area,24717,10762,23794,13032,13974,1471,12503,2903,986,2586,1600,1903,73,1830
144,.Gettysburg PA Metro Area,1581,189,9396,9207,1470,544,926,-53,-53,960,1013,4,54,-50
145,.Glens Falls NY Metro Area,-3798,-1334,10739,12073,-2387,350,-2737,-341,-281,1074,1355,-53,30,-83
146,.Goldsboro NC Metro Area,470,4411,15461,11050,-3928,2638,-6566,-106,224,1608,1384,-328,214,-542
147,.Grand Forks ND-MN Metro Area,2351,5350,13041,7691,-3007,1946,-4953,-951,525,1395,870,-1481,96,-1577
148,.Grand Island NE Metro Area,2809,4006,10352,6346,-1166,2408,-3574,77,448,1111,663,-370,208,-578
149,.Grand Junction CO Metro Area,7477,3078,16342,13264,4431,-173,4604,1259,116,1631,1515,1137,-13,1150
150,.Grand Rapids-Kentwood MI Metro Area,83707,55687,125556,69869,28532,17629,10903,6000,5392,13339,7947,647,1316,-669
151,.Grants Pass OR Metro Area,4768,-3219,7810,11029,7981,-140,8121,337,-324,866,1190,667,-26,693
152,.Great Falls MT Metro Area,40,2825,10524,7699,-2753,759,-3512,-322,269,1054,785,-589,6,-595
153,.Greeley CO Metro Area,71665,22092,37587,15495,49035,2484,46551,9677,2504,4360,1856,7141,363,6778
154,.Green Bay WI Metro Area,16665,13646,36179,22533,3288,3355,-67,1522,1359,3759,2400,171,178,-7
155,.Greensboro-High Point NC Metro Area,47928,17401,79920,62519,31027,12830,18197,5378,1171,8520,7349,4239,1182,3057
156,.Greenville NC Metro Area,12566,7944,19462,11518,4658,1371,3287,1167,621,2053,1432,545,101,444
157,.Greenville-Anderson SC Metro Area,96446,21138,96861,75723,75133,13917,61216,13449,1764,10516,8752,11656,1825,9831
158,.Gulfport-Biloxi MS Metro Area,29074,10483,46703,36220,18654,5595,13059,2979,758,4842,4084,2219,173,2046
159,.Hagerstown-Martinsburg MD-WV Metro Area,18958,4626,29793,25167,14324,1742,12582,2382,279,3174,2895,2108,14,2094
160,.Hammond LA Metro Area,13649,6635,17863,11228,7015,508,6507,921,570,1953,1383,351,1,350
161,.Hanford-Corcoran CA Metro Area,-34,14271,21880,7609,-14649,695,-15344,1558,1434,2321,887,123,-74,197
162,.Harrisburg-Carlisle PA Metro Area,28497,11803,60274,48471,17028,14620,2408,3792,1071,6430,5359,2749,1084,1665
163,.Harrisonburg VA Metro Area,9743,4037,13181,9144,5728,4229,1499,215,380,1435,1055,-169,257,-426
164,.Hartford-East Hartford-Middletown CT Metro Area,-7594,13025,110209,97184,-20759,47395,-68154,-1262,633,11508,10875,-1910,4140,-6050
165,.Hattiesburg MS Metro Area,6431,6332,20737,14405,32,1356,-1324,557,609,2158,1549,-54,190,-244
166,.Hickory-Lenoir-Morganton NC Metro Area,3917,-1716,34817,36533,5910,2924,2986,1262,-424,3691,4115,1703,356,1347
167,.Hilton Head Island-Bluffton SC Metro Area,35185,5746,21847,16101,29093,3536,25557,4172,266,2289,2023,3884,244,3640
168,.Hinesville GA Metro Area,3065,11489,15546,4057,-8903,2563,-11466,1297,1134,1631,497,165,-44,209
169,.Homosassa Springs FL Metro Area,8427,-13385,9689,23074,21756,331,21425,1975,-1640,1066,2706,3601,-18,3619
170,.Hot Springs AR Metro Area,3387,-2502,10186,12688,5924,-10,5934,420,-276,1071,1347,699,-27,726
171,.Houma-Thibodaux LA Metro Area,-110,8581,26337,17756,-8622,1553,-10175,-1069,591,2623,2032,-1659,49,-1708
172,.Houston-The Woodlands-Sugar Land TX Metro Area,1145654,540027,889610,349583,602610,333553,269057,89994,52016,95261,43245,37893,30746,7147
173,.Huntington-Ashland WV-KY-OH Metro Area,-15026,-3285,37621,40906,-11546,359,-11905,-3196,-808,3608,4416,-2388,-70,-2318
174,.Huntsville AL Metro Area,54231,13388,47880,34492,40771,4833,35938,8643,1087,5256,4169,7528,262,7266
175,.Idaho Falls ID Metro Area,18199,13197,22463,9266,5038,222,4816,3094,1350,2402,1052,1741,-34,1775
176,.Indianapolis-Carmel-Anderson IN Metro Area,186462,97491,246099,148608,89578,43502,46076,22169,9622,26300,16678,12590,6394,6196
177,.Iowa City IA Metro Area,20519,10606,19234,8628,9929,7862,2067,498,1015,2005,990,-520,477,-997
178,.Ithaca NY Metro Area,588,1506,7735,6229,-981,6686,-7667,-239,106,742,636,-350,447,-797
179,.Jackson MI Metro Area,-1723,1215,16506,15291,-2843,698,-3541,-56,120,1743,1623,-170,30,-200
180,.Jackson MS Metro Area,7691,21259,70872,49613,-13741,4965,-18706,-2570,1480,7091,5611,-4062,457,-4519
181,.Jackson TN Metro Area,-1067,1711,20312,18601,-2675,730,-3405,329,123,2101,1978,214,92,122
182,.Jacksonville FL Metro Area,213920,52866,167526,114660,160572,34089,126483,26851,4503,18592,14089,22302,2251,20051
183,.Jacksonville NC Metro Area,20137,29255,38784,9529,-10285,7624,-17909,1023,2857,3951,1094,-1815,-2,-1813
184,.Janesville-Beloit WI Metro Area,3029,4270,17881,13611,-1131,397,-1528,480,406,1877,1471,81,39,42
185,.Jefferson City MO Metro Area,1415,4291,16332,12041,-2813,962,-3775,-277,264,1680,1416,-540,88,-628
186,.Johnson City TN Metro Area,4892,-3314,18323,21637,8285,1307,6978,749,-537,1869,2406,1291,200,1091
187,.Johnstown PA Metro Area,-13503,-4708,12304,17012,-8837,384,-9221,-1257,-509,1218,1727,-745,29,-774
188,.Jonesboro AR Metro Area,12841,4763,16354,11591,8072,1239,6833,1141,402,1766,1364,739,43,696
189,.Joplin MO Metro Area,4055,5310,22013,16703,-1152,1212,-2364,951,424,2235,1811,532,106,426
190,.Kahului-Wailuku-Lahaina HI Metro Area,12577,7138,18012,10874,5518,6138,-620,445,388,1834,1446,65,582,-517
191,.Kalamazoo-Portage MI Metro Area,14739,9446,28774,19328,5485,4483,1002,386,801,3010,2209,-412,303,-715
192,.Kankakee IL Metro Area,-3588,1946,12271,10325,-5547,530,-6077,-91,73,1240,1167,-163,29,-192
193,.Kansas City MO-KS Metro Area,148635,98218,253384,155166,51716,27259,24457,13563,8805,26497,17692,4814,2377,2437
194,.Kennewick-Richland WA Metro Area,46284,23159,39288,16129,23058,3571,19487,4323,2224,4151,1927,2100,316,1784
195,.Killeen-Temple TX Metro Area,54995,43397,68686,25289,11142,13598,-2456,9031,4057,7039,2982,4937,125,4812
196,.Kingsport-Bristol TN-VA Metro Area,-2291,-9185,26943,36128,7135,-122,7257,466,-1151,2776,3927,1627,-19,1646
197,.Kingston NY Metro Area,-4946,-1139,14405,15544,-3751,2456,-6207,-845,-310,1433,1743,-529,148,-677
198,.Knoxville TN Metro Area,54021,1643,84244,82601,52546,7094,45452,7812,-260,8995,9255,8067,985,7082
199,.Kokomo IN Metro Area,-204,153,9085,8932,-290,341,-631,287,-4,946,950,298,37,261
200,.La Crosse-Onalaska WI-MN Metro Area,2958,2447,13220,10773,572,341,231,3,171,1364,1193,-160,-11,-149
201,.Lafayette LA Metro Area,22474,23870,62244,38374,-1317,4234,-5551,-473,1726,6331,4605,-2196,222,-2418
202,.Lafayette-West Lafayette IN Metro Area,22692,10837,24792,13955,11914,15527,-3613,2064,1057,2617,1560,999,2091,-1092
203,.Lake Charles LA Metro Area,10769,7932,26736,18804,2976,1153,1823,219,867,2983,2116,-647,54,-701
204,.Lake Havasu City-Kingman AZ Metro Area,11999,-9685,16886,26571,21585,-1496,23081,2889,-1623,1752,3375,4478,-246,4724
205,.Lakeland-Winter Haven FL Metro Area,122704,9786,69821,60035,112597,23260,89337,18180,806,8043,7237,17311,673,16638
206,.Lancaster PA Metro Area,26281,20139,65415,45276,6589,11759,-5170,1755,1972,7132,5160,-205,647,-852
207,.Lansing-East Lansing MI Metro Area,15707,14093,54679,40586,1625,19865,-18240,1717,1125,5702,4577,612,1452,-840
208,.Laredo TX Metro Area,26348,36433,48554,12121,-10078,7043,-17121,1532,3357,4735,1378,-1831,377,-2208
209,.Las Cruces NM Metro Area,8978,12954,27022,14068,-4004,2240,-6244,917,1015,2630,1615,-96,128,-224
210,.Las Vegas-Henderson-Paradise NV Metro Area,315447,105372,247787,142415,208889,23319,185570,40600,9129,27048,17919,31283,-360,31643
211,.Lawrence KS Metro Area,11433,4907,11149,6242,6564,5122,1442,1150,420,1107,687,729,387,342
212,.Lawton OK Metro Area,-3873,7691,17852,10161,-11769,2831,-14600,67,523,1693,1170,-454,56,-510
213,.Lebanon PA Metro Area,8196,1613,15092,13479,6716,4877,1839,454,77,1581,1504,384,124,260
214,.Lewiston ID-WA Metro Area,2097,-293,6567,6860,2421,-204,2625,118,-38,680,718,161,-47,208
215,.Lewiston-Auburn ME Metro Area,568,1802,11771,9969,-1187,1143,-2330,363,124,1208,1084,242,92,150
216,.Lexington-Fayette KY Metro Area,44953,21545,57894,36349,23522,11848,11674,2118,1933,6086,4153,195,259,-64
217,.Lima OH Metro Area,-3962,1560,11697,10137,-5522,175,-5697,-374,135,1214,1079,-509,-8,-501
218,.Lincoln NE Metro Area,34217,18243,38980,20737,16106,8917,7189,2574,1770,4077,2307,814,808,6
219,.Little Rock-North Little Rock-Conway AR Metro Area,42594,28130,88569,60439,14662,7696,6966,2303,2179,9010,6831,143,168,-25
220,.Logan UT-ID Metro Area,16723,17562,23357,5795,-854,2240,-3094,2061,1730,2396,666,330,233,97
221,.Longview TX Metro Area,6650,7553,34504,26951,-805,1888,-2693,1342,362,3364,3002,992,46,946
222,.Longview WA Metro Area,8185,1106,11376,10270,7099,265,6834,1841,153,1287,1134,1686,22,1664
223,.Los Angeles-Long Beach-Anaheim CA Metro Area,385842,753642,1500780,747138,-362998,377442,-740440,-35080,59687,149369,89682,-94938,27228,-122166
226,.Louisville/Jefferson County KY-IN Metro Area,62422,31671,141702,110031,31536,20169,11367,3085,2852,14990,12138,278,671,-393
227,.Lubbock TX Metro Area,31368,15696,38925,23229,15616,3403,12213,3018,1354,4068,2714,1666,252,1414
228,.Lynchburg VA Metro Area,10912,1841,26279,24438,9174,3531,5643,673,40,2844,2804,643,267,376
229,.Macon-Bibb County GA Metro Area,-2249,4907,27200,22293,-7136,1769,-8905,402,41,2694,2653,378,143,235
230,.Madera CA Metro Area,6493,11128,20999,9871,-4704,-383,-4321,445,1048,2108,1060,-603,-139,-464
231,.Madison WI Metro Area,59399,28060,67559,39499,31480,15600,15880,4938,2535,6988,4453,2406,988,1418
232,.Manchester-Nashua NH Metro Area,16319,9873,39447,29574,6672,13569,-6897,2395,758,4148,3390,1652,1002,650
233,.Manhattan KS Metro Area,3191,15192,21877,6685,-12490,7782,-20272,-1413,1310,2052,742,-2728,446,-3174
234,.Mankato MN Metro Area,5185,3828,10317,6489,1386,1510,-124,350,339,1068,729,12,137,-125
235,.Mansfield OH Metro Area,-3320,-161,12743,12904,-3129,238,-3367,167,-78,1319,1397,251,11,240
236,.McAllen-Edinburg-Mission TX Metro Area,93943,105539,143366,37827,-11366,11748,-23114,6409,9457,14054,4597,-3056,-18,-3038
237,.Medford OR Metro Area,17740,44,21343,21299,17697,-141,17838,1533,-74,2251,2325,1611,-41,1652
238,.Memphis TN-MS-AR Metro Area,29943,64370,170921,106551,-34521,13637,-48158,3548,5367,17720,12353,-1816,1656,-3472
239,.Merced CA Metro Area,21884,23063,38618,15555,-1110,463,-1573,3529,2299,4086,1787,1237,-144,1381
240,.Miami-Fort Lauderdale-Pompano Beach FL Metro Area,600214,178095,626897,448802,422703,615283,-192580,22651,14384,67565,53181,8204,58819,-50615
244,.Michigan City-La Porte IN Metro Area,-1578,1109,12075,10966,-2616,81,-2697,-93,33,1248,1215,-120,7,-127
245,.Midland MI Metro Area,-465,1232,7933,6701,-1688,1160,-2848,-67,112,855,743,-177,64,-241
246,.Midland TX Metro Area,40932,15880,26136,10256,24557,3307,21250,4417,1894,3084,1190,2509,328,2181
247,.Milwaukee-Waukesha WI Metro Area,19225,59009,182815,123806,-39097,25298,-64395,1184,5117,18927,13810,-3863,1277,-5140
248,.Minneapolis-St. Paul-Bloomington MN-WI Metro Area,306415,209124,419634,210510,99485,87847,11638,29982,20312,44602,24290,9847,6645,3202
249,.Missoula MT Metro Area,10304,3212,11126,7914,7109,1271,5838,960,244,1131,887,715,112,603
250,.Mobile AL Metro Area,-1183,11538,53087,41549,-12486,4885,-17371,-774,841,5608,4767,-1606,280,-1886
251,.Modesto CA Metro Area,36210,32649,70420,37771,3879,4607,-728,2534,3076,7393,4317,-535,144,-679
252,.Monroe LA Metro Area,-4226,6291,26371,20080,-10438,779,-11217,-1877,363,2606,2243,-2241,44,-2285
253,.Monroe MI Metro Area,-1531,841,14053,13212,-2352,285,-2637,326,-22,1459,1481,359,-10,369
254,.Montgomery AL Metro Area,-1250,12067,44789,32722,-13366,4233,-17599,268,1063,4730,3667,-792,329,-1121
255,.Morgantown WV Metro Area,9342,3498,13166,9668,5765,3321,2444,-160,285,1380,1095,-440,-26,-414
256,.Morristown TN Metro Area,5891,-1020,13994,15014,6971,839,6132,971,-213,1475,1688,1184,72,1112
257,.Mount Vernon-Anacortes WA Metro Area,12313,2574,13426,10852,9769,1610,8159,1370,166,1431,1265,1200,170,1030
258,.Muncie IN Metro Area,-3535,-272,11071,11343,-3241,1422,-4663,-162,-106,1081,1187,-53,180,-233
259,.Muskegon MI Metro Area,1372,3782,19514,15732,-2385,547,-2932,-33,301,2071,1770,-330,32,-362
260,.Myrtle Beach-Conway-North Myrtle Beach SC-NC Metro Area,120326,-3999,38280,42279,122581,2288,120293,15916,-1429,4188,5617,17201,257,16944
261,.Napa CA Metro Area,1209,1784,13062,11278,-469,1157,-1626,-1045,-44,1235,1279,-998,-13,-985
262,.Naples-Marco Island FL Metro Area,63380,109,29806,29697,63056,20167,42889,6701,-707,3160,3867,7391,1906,5485
263,.Nashville-Davidson--Murfreesboro--Franklin TN Metro Area,288134,88741,216969,128228,197758,39422,158336,29591,9186,24308,15122,20419,4937,15482
264,.New Bern NC Metro Area,-2524,3352,15570,12218,-5909,2182,-8091,-300,200,1510,1310,-491,20,-511
265,.New Haven-Milford CT Metro Area,-7685,10560,81952,71392,-18293,32843,-51136,-2214,625,8512,7887,-2858,2740,-5598
266,.New Orleans-Metairie LA Metro Area,80639,43608,145792,102184,36032,20800,15232,397,2990,15084,12094,-2550,1682,-4232
267,.New York-Newark-Jersey City NY-NJ-PA Metro Area,319905,932102,2218113,1286011,-611662,837005,-1448667,-60462,76764,228660,151896,-137415,58630,-196045
272,.Niles MI Metro Area,-3407,733,16572,15839,-4107,3175,-7282,-389,8,1696,1688,-392,216,-608
273,.North Port-Sarasota-Bradenton FL Metro Area,134683,-26920,58378,85298,160197,17686,142511,16279,-4144,6317,10461,20333,1434,18899
274,.Norwich-New London CT Metro Area,-8864,2357,24643,22286,-11261,6111,-17372,-1079,-19,2502,2521,-1059,326,-1385
275,.Ocala FL Metro Area,34280,-12786,31649,44435,46967,4122,42845,6517,-1667,3495,5162,8151,15,8136
276,.Ocean City NJ Metro Area,-5218,-4081,7966,12047,-1037,1060,-2097,-407,-565,734,1299,166,-15,181
277,.Odessa TX Metro Area,29087,15113,26048,10935,13561,2296,11265,4263,1687,2915,1228,2562,238,2324
278,.Ogden-Clearfield UT Metro Area,86702,63341,98076,34735,23625,4772,18853,10204,6365,10133,3768,3835,433,3402
279,.Oklahoma City OK Metro Area,155948,65613,171439,105826,89914,24684,65230,15345,5539,17576,12037,9812,1778,8034
280,.Olympia-Lacey-Tumwater WA Metro Area,38276,9076,28792,19716,29233,4982,24251,4480,758,3135,2377,3713,362,3351
281,.Omaha-Council Bluffs NE-IA Metro Area,84095,60276,122306,62030,24322,16785,7537,8472,5917,12848,6931,2585,1517,1068
282,.Orlando-Kissimmee-Sanford FL Metro Area,473748,103875,259676,155801,368588,181996,186592,33309,10064,29522,19458,23227,9517,13710
283,.Oshkosh-Neenah WI Metro Area,4907,3727,17264,13537,1311,1101,210,1029,286,1783,1497,748,65,683
284,.Owensboro KY Metro Area,4694,2968,14338,11370,1824,1091,733,561,282,1516,1234,283,42,241
285,.Oxnard-Thousand Oaks-Ventura CA Metro Area,22608,41771,93266,51495,-18720,7250,-25970,-2136,2920,9161,6241,-5053,140,-5193
286,.Palm Bay-Melbourne-Titusville FL Metro Area,58570,-15771,47809,63580,74263,9438,64825,6739,-2210,5258,7468,8938,429,8509
287,.Panama City FL Metro Area,5855,3934,20996,17062,1770,3938,-2168,-11535,233,2222,1989,-11803,277,-12080
288,.Parkersburg-Vienna WV Metro Area,-3328,-1046,9349,10395,-2196,-122,-2074,-652,-216,916,1132,-437,-24,-413
289,.Pensacola-Ferry Pass-Brent FL Metro Area,53638,10215,53258,43043,43221,6040,37181,8230,547,5775,5228,7649,136,7513
290,.Peoria IL Metro Area,-15692,7578,47244,39666,-23246,3815,-27061,-2767,382,4733,4351,-3149,339,-3488
291,.Philadelphia-Camden-Wilmington PA-NJ-DE-MD Metro Area,136757,155315,658315,503000,-14959,156632,-171591,11226,10873,68207,57334,675,10719,-10044
296,.Phoenix-Mesa-Chandler AZ Metro Area,755074,247209,540924,293715,505500,106785,398715,98994,20937,57290,36353,77664,6007,71657
297,.Pine Bluff AR Metro Area,-12485,188,10145,9957,-12826,182,-13008,-1442,-98,963,1061,-1346,6,-1352
298,.Pittsburgh PA Metro Area,-38694,-35527,218159,253686,-1150,30654,-31804,-5053,-4817,22570,27387,-103,2555,-2658
299,.Pittsfield MA Metro Area,-6330,-3812,9885,13697,-2447,2422,-4869,-957,-467,993,1460,-487,175,-662
300,.Pocatello ID Metro Area,4828,5945,12890,6945,-1126,1771,-2897,1115,515,1285,770,598,65,533
301,.Portland-South Portland ME Metro Area,24392,762,45771,45009,23980,6493,17487,3268,-359,4834,5193,3637,463,3174
302,.Portland-Vancouver-Hillsboro OR-WA Metro Area,266409,96518,253110,156592,169456,47983,121473,19062,7746,26204,18458,11334,2960,8374
303,.Port St. Lucie FL Metro Area,65190,-6266,39334,45600,71121,8993,62128,8130,-1187,4340,5527,9292,674,8618
304,.Poughkeepsie-Newburgh-Middletown NY Metro Area,8878,22759,69991,47232,-13931,7540,-21471,3093,1978,7627,5649,1154,377,777
305,.Prescott Valley-Prescott AZ Metro Area,24082,-9511,17021,26532,33299,303,32996,3327,-1260,1782,3042,4564,-72,4636
306,.Providence-Warwick RI-MA Metro Area,23372,13788,152794,139006,10512,49015,-38503,2199,993,16182,15189,1270,4455,-3185
307,.Provo-Orem UT Metro Area,121367,90108,112018,21910,31402,7531,23871,15103,9594,12092,2498,5473,973,4500
308,.Pueblo CO Metro Area,9361,1417,17214,15797,8038,458,7580,1002,-26,1808,1834,1033,65,968
309,.Punta Gorda FL Metro Area,28943,-13671,9494,23165,42167,2281,39886,4061,-1794,1047,2841,5834,160,5674
310,.Racine WI Metro Area,883,5764,21964,16200,-4815,747,-5562,-46,593,2257,1664,-637,-4,-633
311,.Raleigh-Cary NC Metro Area,260292,78009,144250,66241,180756,34019,146737,29195,7260,15730,8470,21865,3389,18476
312,.Rapid City SD Metro Area,15707,7137,16847,9710,8515,1048,7467,1953,625,1752,1127,1318,-22,1340
313,.Reading PA Metro Area,9594,8976,44567,35591,764,13606,-12842,635,823,4708,3885,-177,694,-871
314,.Redding CA Metro Area,2859,-1229,19093,20322,4297,1965,2332,371,-320,1977,2297,707,193,514
315,.Reno NV Metro Area,50200,14812,49609,34797,35266,-307,35573,7307,1217,5270,4053,6045,-391,6436
316,.Richmond VA Metro Area,105429,39426,135249,95823,66135,27868,38267,10847,3607,14752,11145,7285,1641,5644
317,.Riverside-San Bernardino-Ontario CA Metro Area,425683,289072,560691,271619,138230,26965,111265,38089,25452,58823,33371,12721,465,12256
318,.Roanoke VA Metro Area,4556,-2224,30071,32295,6997,5798,1199,189,-670,3040,3710,883,349,534
319,.Rochester MN Metro Area,15033,12126,26680,14554,3014,5386,-2372,2107,1142,2813,1671,969,449,520
320,.Rochester NY Metro Area,-10060,16070,105986,89916,-25978,20870,-46848,-1977,983,10865,9882,-2947,885,-3832
321,.Rockford IL Metro Area,-13315,8421,38636,30215,-21938,3511,-25449,-994,664,4009,3345,-1660,331,-1991
322,.Rocky Mount NC Metro Area,-6598,580,15786,15206,-7205,380,-7585,-308,-25,1650,1675,-278,47,-325
323,.Rome GA Metro Area,2184,1210,10991,9781,1035,1375,-340,534,-7,1133,1140,543,152,391
324,.Sacramento-Roseville-Folsom CA Metro Area,214580,94910,252144,157234,120948,51225,69723,21790,7819,26752,18933,13994,4053,9941
325,.Saginaw MI Metro Area,-9630,1529,20833,19304,-11236,1809,-13045,-252,50,2188,2138,-296,125,-421
326,.St. Cloud MN Metro Area,12871,11239,23588,12349,1686,5396,-3710,1798,1203,2577,1374,602,606,-4
327,.St. George UT Metro Area,39441,9223,20632,11409,29998,100,29898,5989,876,2244,1368,5085,57,5028
328,.St. Joseph MO-KS Metro Area,-2096,1972,14117,12145,-4042,1720,-5762,-775,186,1425,1239,-959,157,-1116
329,.St. Louis MO-IL Metro Area,15477,68389,310273,241884,-52131,32872,-85003,-730,4017,31686,27669,-4694,2991,-7685
330,.Salem OR Metro Area,43165,17354,48852,31498,26003,2479,23524,3499,1662,5258,3596,1840,73,1767
331,.Salinas CA Metro Area,19002,35696,58879,23183,-16579,3403,-19982,111,3055,5797,2742,-2940,-90,-2850
332,.Salisbury MD-DE Metro Area,41972,-505,38714,39219,42177,4614,37563,5727,-629,4170,4799,6327,162,6165
333,.Salt Lake City UT Metro Area,144888,109213,171087,61874,36389,31265,5124,14015,10461,17555,7094,3586,3667,-81
334,.San Angelo TX Metro Area,9059,4943,14767,9824,4081,492,3589,1193,425,1525,1100,766,-46,812
335,.San Antonio-New Braunfels TX Metro Area,408440,146693,300032,153339,259857,45348,214509,38581,14041,32592,18551,24491,2504,21987
336,.San Diego-Chula Vista-Carlsbad CA Metro Area,242981,204933,398611,193678,40821,107098,-66277,4469,17551,40603,23052,-12998,6733,-19731
337,.San Francisco-Oakland-Berkeley CA Metro Area,396210,202172,477380,275208,194735,231599,-36864,5489,17174,50140,32966,-11590,19996,-31586
341,.San Jose-Sunnyvale-Santa Clara CA Metro Area,153709,126304,220891,94587,28415,152520,-124105,-3144,10905,22487,11582,-14124,13371,-27495
342,.San Luis Obispo-Paso Robles CA Metro Area,13514,2358,24056,21698,11234,925,10309,-243,23,2488,2465,-252,-7,-245
343,.Santa Cruz-Watsonville CA Metro Area,10863,10582,26748,16166,384,1760,-1376,-628,655,2540,1885,-1280,59,-1339
344,.Santa Fe NM Metro Area,6126,1686,12092,10406,4578,2090,2488,597,-2,1189,1191,605,63,542
345,.Santa Maria-Santa Barbara CA Metro Area,22552,23723,52100,28377,-925,9058,-9983,719,2102,5390,3288,-1371,553,-1924
346,.Santa Rosa-Petaluma CA Metro Area,10475,8237,45881,37644,2497,3206,-709,-4307,130,4509,4379,-4437,97,-4534
347,.Savannah GA Metro Area,45756,19377,47201,27824,26251,6261,19990,3900,1579,4885,3306,2345,331,2014
348,.Scranton--Wilkes-Barre PA Metro Area,-9719,-12308,52222,64530,3012,14117,-11105,-1330,-1267,5537,6804,-40,1130,-1170
349,.Seattle-Tacoma-Bellevue WA Metro Area,540037,201727,426466,224739,338123,198637,139486,44666,19628,46679,27051,25048,21247,3801
352,.Sebastian-Vero Beach FL Metro Area,21895,-6260,11703,17963,27992,2343,25649,2736,-894,1283,2177,3612,205,3407
353,.Sebring-Avon Park FL Metro Area,7437,-5745,8302,14047,13232,3261,9971,1288,-773,854,1627,2057,258,1799
354,.Sheboygan WI Metro Area,-172,1572,11653,10081,-1697,754,-2451,107,147,1226,1079,-35,41,-76
355,.Sherman-Denison TX Metro Area,15335,1360,14334,12974,14009,1313,12696,2425,136,1630,1494,2283,90,2193
356,.Shreveport-Bossier City LA Metro Area,-3900,14744,52173,37429,-18770,2461,-21231,-2575,770,4920,4150,-3344,57,-3401
357,.Sierra Vista-Douglas AZ Metro Area,-5437,2604,14452,11848,-8272,2499,-10771,-489,36,1348,1312,-529,66,-595
358,.Sioux City IA-NE-SD Metro Area,1119,7700,19546,11846,-6632,2085,-8717,914,816,2012,1196,105,122,-17
359,.Sioux Falls SD Metro Area,39968,19508,35744,16236,20333,6431,13902,4422,2108,3931,1823,2307,260,2047
360,.South Bend-Mishawaka IN-MI Metro Area,4410,8202,36905,28703,-3668,5192,-8860,916,936,3925,2989,-13,797,-810
361,.Spartanburg SC Metro Area,35481,6361,33877,27516,29139,1679,27460,5648,719,3897,3178,4914,242,4672
362,.Spokane-Spokane Valley WA Metro Area,53769,14182,59155,44973,39814,6035,33779,9694,1027,6314,5287,8637,486,8151
363,.Springfield IL Metro Area,-3302,3309,22393,19084,-6530,2178,-8708,-1060,95,2323,2228,-1158,199,-1357
364,.Springfield MA Metro Area,4323,4448,63385,58937,-85,30334,-30419,-2756,-71,6474,6545,-2685,959,-3644
365,.Springfield MO Metro Area,33544,13234,52176,38942,20399,2408,17991,4027,1068,5478,4410,2957,220,2737
366,.Springfield OH Metro Area,-4256,-1117,14729,15846,-3061,459,-3520,-445,-107,1554,1661,-332,23,-355
367,.State College PA Metro Area,8380,2310,11320,9010,6069,9416,-3347,-216,42,1147,1105,-266,835,-1101
368,.Staunton VA Metro Area,4624,-682,11545,12227,5343,1059,4284,492,-127,1229,1356,623,99,524
369,.Stockton CA Metro Area,76842,44384,93390,49006,32797,10082,22715,9657,4137,9975,5838,5529,687,4842
370,.Sumter SC Metro Area,-1968,3100,16598,13498,-5029,1120,-6149,315,162,1645,1483,161,88,73
371,.Syracuse NY Metro Area,-14031,11737,66531,54794,-25820,13114,-38934,-1688,895,6827,5932,-2588,885,-3473
372,.Tallahassee FL Metro Area,18456,12475,37381,24906,5788,6407,-619,2909,1066,3955,2889,1848,465,1383
373,.Tampa-St. Petersburg-Clearwater FL Metro Area,411346,12252,294083,281831,397215,104814,292401,40182,-1691,32154,33845,41798,7171,34627
374,.Terre Haute IN Metro Area,-3407,978,20086,19108,-4333,1587,-5920,-359,39,2079,2040,-396,215,-611
375,.Texarkana TX-AR Metro Area,-433,2625,17822,15197,-2981,158,-3139,-586,80,1773,1693,-662,-14,-648
376,.The Villages FL Metro Area,39000,-10573,4311,14884,48895,-134,49029,3701,-1539,478,2017,5212,-57,5269
377,.Toledo OH Metro Area,-9619,12412,71848,59436,-22094,5646,-27740,-1273,804,7428,6624,-2069,270,-2339
378,.Topeka KS Metro Area,-1891,4737,26664,21927,-6550,1618,-8168,-297,250,2590,2340,-541,132,-673
379,.Trenton-Princeton NJ Metro Area,-55,11634,38444,26810,-11831,16366,-28197,-758,1034,4021,2987,-1815,1182,-2997
380,.Tucson AZ Metro Area,67016,21542,107047,85505,46336,22079,24257,10725,692,10891,10199,10005,1204,8801
381,.Tulsa OK Metro Area,61103,35371,121193,85822,26210,14415,11795,5491,2558,12440,9882,2972,1257,1715
382,.Tuscaloosa AL Metro Area,12833,6871,27624,20753,5911,2721,3190,790,541,2922,2381,256,232,24
383,.Twin Falls ID Metro Area,11694,6569,14844,8275,5159,2539,2620,1195,632,1562,930,568,158,410
384,.Tyler TX Metro Area,23026,9252,28191,18939,13822,2131,11691,3002,792,2969,2177,2212,92,2120
385,.Urban Honolulu HI Metro Area,21357,50711,121272,70561,-28785,46111,-74896,-5295,3418,12013,8595,-8691,3736,-12427
386,.Utica-Rome NY Metro Area,-9339,31,29641,29610,-9340,5250,-14590,-1197,-107,3042,3149,-1090,265,-1355
387,.Valdosta GA Metro Area,7630,7791,18666,10875,-341,2056,-2397,1149,616,1934,1318,536,127,409
388,.Vallejo CA Metro Area,34300,18081,47682,29601,16528,6691,9837,1918,1377,5088,3711,557,280,277
389,.Victoria TX Metro Area,5739,4340,12404,8064,1389,546,843,276,350,1247,897,-71,24,-95
390,.Vineland-Bridgeton NJ Metro Area,-7100,4541,18338,13797,-11725,3190,-14915,-1108,322,1757,1435,-1435,74,-1509
391,.Virginia Beach-Norfolk-Newport News VA-NC Metro Area,54946,78552,209617,131065,-23410,36319,-59729,5188,6309,21589,15280,-1032,1165,-2197
392,.Visalia CA Metro Area,24013,41985,69462,27477,-17932,-636,-17296,1606,3823,7032,3209,-2230,-270,-1960
393,.Waco TX Metro Area,21154,12895,33987,21092,8384,2630,5754,2493,1249,3646,2397,1244,161,1083
394,.Walla Walla WA Metro Area,1979,842,6100,5258,1163,136,1027,145,35,610,575,113,-15,128
395,.Warner Robins GA Metro Area,17783,8835,21567,12732,8970,2828,6142,2523,730,2297,1567,1799,152,1647
396,.Washington-Arlington-Alexandria DC-VA-MD-WV Metro Area,630799,428108,743898,315790,200650,326958,-126308,32646,39384,78147,38763,-6771,22977,-29748
399,.Waterloo-Cedar Falls IA Metro Area,703,5008,19377,14369,-4194,2815,-7009,-414,491,2055,1564,-899,211,-1110
400,.Watertown-Fort Drum NY Metro Area,-6398,10875,19170,8295,-17420,3033,-20453,-2032,994,1913,919,-3026,-45,-2981
401,.Wausau-Weston WI Metro Area,481,3423,17162,13739,-2856,612,-3468,191,337,1744,1407,-142,66,-208
402,.Weirton-Steubenville WV-OH Metro Area,-8381,-5260,10356,15616,-3005,-176,-2829,-908,-580,1079,1659,-322,-50,-272
403,.Wenatchee WA Metro Area,9742,4326,13383,9057,5489,666,4823,1128,381,1393,1012,750,48,702
404,.Wheeling WV-OH Metro Area,-9009,-4101,13249,17350,-4802,-57,-4745,-1111,-545,1285,1830,-560,-27,-533
405,.Wichita KS Metro Area,17157,29769,81503,51734,-12358,9096,-21454,2699,2325,8057,5732,397,688,-291
406,.Wichita Falls TX Metro Area,-220,2932,17382,14450,-3110,3283,-6393,299,101,1730,1629,203,167,36
407,.Williamsport PA Metro Area,-2803,-325,11394,11719,-2439,602,-3041,-567,-187,1133,1320,-379,65,-444
408,.Wilmington NC Metro Area,42654,4489,26461,21972,37745,1521,36224,3260,254,2844,2590,2996,124,2872
409,.Winchester VA-WV Metro Area,12114,3266,14270,11004,8878,1826,7052,1074,221,1492,1271,856,75,781
410,.Winston-Salem NC Metro Area,35505,10063,68473,58410,25813,4664,21149,4879,729,7271,6542,4166,358,3808
411,.Worcester MA-CT Metro Area,30641,16269,90296,74027,14793,36326,-21533,1291,1162,9575,8413,145,2272,-2127
412,.Yakima WA Metro Area,7633,19134,37137,18003,-11510,-269,-11241,311,1653,3746,2093,-1340,-137,-1203
413,.York-Hanover PA Metro Area,14043,8584,45524,36940,5907,5255,652,1211,747,4868,4121,491,200,291
414,.Youngstown-Warren-Boardman OH-PA Metro Area,-29701,-12813,51745,64558,-16642,2675,-19317,-2145,-1392,5450,6842,-726,25,-751
415,.Yuba City CA Metro Area,8741,10299,23119,12820,-1566,2723,-4289,1734,999,2416,1417,737,100,637
416,.Yuma AZ Metro Area,18037,14964,28472,13508,2839,7552,-4713,2175,1278,2991,1713,903,546,357
2,.Aberdeen SD Micro Area,2065,1199,5041,3842,866,928,-62,-343,143,537,394,-485,21,-506
3,.Aberdeen WA Micro Area,2261,-504,7159,7663,2757,51,2706,1260,-152,734,886,1407,-16,1423
4,.Ada OK Micro Area,796,849,4921,4072,-24,397,-421,12,-22,487,509,36,42,-6
5,.Adrian MI Micro Area,-1448,216,9501,9285,-1653,365,-2018,310,-55,952,1007,372,5,367
6,.Alamogordo NM Micro Area,3658,2995,8450,5455,585,3739,-3154,831,319,934,615,513,263,250
7,.Albemarle NC Micro Area,2220,-3,6276,6279,2274,172,2102,626,-6,709,715,633,10,623
8,.Albert Lea MN Micro Area,-973,-239,3115,3354,-723,228,-951,-199,-38,314,352,-162,25,-187
9,.Albertville AL Micro Area,3755,2099,12326,10227,1750,818,932,604,240,1395,1155,368,65,303
10,.Alexander City AL Micro Area,-2344,-1177,5001,6178,-1149,91,-1240,-148,-182,474,656,39,15,24
11,.Alexandria MN Micro Area,2130,78,3848,3770,2080,51,2029,181,-6,424,430,189,2,187
12,.Alice TX Micro Area,-981,2292,7203,4911,-3303,420,-3723,-264,121,652,531,-386,46,-432
13,.Alma MI Micro Area,-1767,-354,3694,4048,-1415,115,-1530,109,-57,366,423,167,7,160
14,.Alpena MI Micro Area,-1189,-912,2494,3406,-250,65,-315,21,-62,280,342,84,8,76
15,.Altus OK Micro Area,-1916,1458,3813,2355,-3412,659,-4071,-245,144,359,215,-389,45,-434
16,.Americus GA Micro Area,-3047,520,4115,3595,-3609,260,-3869,-245,46,423,377,-294,39,-333
17,.Amsterdam NY Micro Area,-1043,211,5537,5326,-1243,1067,-2310,-173,80,613,533,-253,14,-267
18,.Andrews TX Micro Area,3919,1488,2782,1294,2381,190,2191,694,97,286,189,597,14,583
19,.Angola IN Micro Area,447,494,3433,2939,-15,83,-98,107,-12,336,348,121,15,106
20,.Arcadia FL Micro Area,3139,567,3546,2979,2581,1484,1097,633,27,389,362,604,154,450
21,.Ardmore OK Micro Area,1219,561,7220,6659,691,242,449,-5,17,743,726,-20,10,-30
22,.Arkadelphia AR Micro Area,-671,-109,2210,2319,-564,100,-664,7,-8,233,241,16,2,14
23,.Ashland OH Micro Area,344,473,5636,5163,-119,759,-878,-222,6,586,580,-229,56,-285
24,.Ashtabula OH Micro Area,-4248,-515,10325,10840,-3730,598,-4328,-346,-32,1111,1143,-313,-6,-307
25,.Astoria OR Micro Area,3198,153,3788,3635,3034,107,2927,513,-21,377,398,530,-12,542
26,.Atchison KS Micro Area,-848,143,1809,1666,-996,-15,-981,-100,-8,162,170,-92,-2,-90
27,.Athens OH Micro Area,563,406,4894,4488,52,2277,-2225,-192,-17,477,494,-177,128,-305
28,.Athens TN Micro Area,1507,-827,5308,6135,2373,554,1819,458,-65,591,656,526,73,453
29,.Athens TX Micro Area,4159,-1376,8297,9673,5569,241,5328,634,-211,894,1105,845,9,836
30,.Atmore AL Micro Area,-1687,-234,4108,4342,-1439,-2,-1437,109,-54,420,474,165,-1,166
31,.Auburn IN Micro Area,1220,1104,4850,3746,141,-42,183,267,102,508,406,167,-9,176
32,.Auburn NY Micro Area,-3432,184,7159,6975,-3610,458,-4068,-545,30,741,711,-576,26,-602
33,.Augusta-Waterville ME Micro Area,148,-1372,10840,12212,1623,543,1080,258,-277,1113,1390,540,40,500
34,.Austin MN Micro Area,895,1151,4726,3575,-236,1171,-1407,-80,165,535,370,-246,126,-372
35,.Bainbridge GA Micro Area,-1438,483,3399,2916,-1929,-59,-1870,-169,30,361,331,-198,-4,-194
36,.Baraboo WI Micro Area,2487,1410,7050,5640,1141,557,584,124,122,728,606,5,19,-14
37,.Bardstown KY Micro Area,2792,1701,5337,3636,1114,-39,1153,420,133,552,419,287,-7,294
38,.Barre VT Micro Area,-1115,243,5218,4975,-1334,85,-1419,330,0,534,534,329,-9,338
39,.Bartlesville OK Micro Area,548,65,5824,5759,523,823,-300,-264,-91,586,677,-172,83,-255
40,.Batavia NY Micro Area,-2654,-311,5414,5725,-2342,222,-2564,-207,-88,542,630,-118,2,-120
41,.Batesville AR Micro Area,1363,-222,6086,6308,1606,177,1429,209,36,706,670,177,-5,182
42,.Bay City TX Micro Area,-59,1454,4938,3484,-1508,85,-1593,77,149,520,371,-72,7,-79
43,.Beatrice NE Micro Area,-798,-335,2204,2539,-459,-1,-458,18,-27,228,255,47,1,46
44,.Beaver Dam WI Micro Area,-911,-659,7569,8228,-187,225,-412,6,-103,771,874,112,22,90
45,.Bedford IN Micro Area,-759,-660,4446,5106,-52,105,-157,-260,-98,465,563,-159,5,-164
46,.Beeville TX Micro Area,704,1029,3385,2356,-320,32,-352,98,84,318,234,13,-5,18
47,.Bellefontaine OH Micro Area,-176,541,5041,4500,-694,89,-783,340,51,547,496,292,-2,294
48,.Bemidji MN Micro Area,2745,2505,6316,3811,267,361,-94,453,205,638,433,248,29,219
49,.Bennettsville SC Micro Area,-2817,-386,2747,3133,-2440,42,-2482,-274,-40,270,310,-233,1,-234
50,.Bennington VT Micro Area,-1649,-1029,3103,4132,-601,210,-811,-50,-124,323,447,75,15,60
51,.Berlin NH Micro Area,-1489,-1728,2274,4002,187,39,148,77,-194,225,419,272,-2,274
52,.Big Rapids MI Micro Area,655,351,3873,3522,319,430,-111,53,39,396,357,15,19,-4
53,.Big Spring TX Micro Area,1652,660,4210,3550,961,838,123,739,89,438,349,649,81,568
54,.Big Stone Gap VA Micro Area,-4066,-809,4176,4985,-3295,107,-3402,-483,-150,375,525,-332,0,-332
55,.Blackfoot ID Micro Area,1206,3146,6429,3283,-1975,131,-2106,682,216,593,377,469,8,461
56,.Bluefield WV-VA Micro Area,-8514,-3521,11117,14638,-4943,105,-5048,-930,-483,1108,1591,-443,-20,-423
57,.Blytheville AR Micro Area,-5830,1199,5904,4705,-7097,-25,-7072,-585,82,580,498,-671,-19,-652
58,.Bogalusa LA Micro Area,-946,86,5489,5403,-1009,-116,-893,-394,-35,600,635,-357,-16,-341
59,.Bonham TX Micro Area,1604,-791,3105,3896,2427,329,2098,329,-116,321,437,446,41,405
60,.Boone NC Micro Area,5116,167,3356,3189,4911,253,4658,143,-20,381,401,164,43,121
61,.Borger TX Micro Area,-1313,470,2677,2207,-1790,82,-1872,-181,41,256,215,-224,2,-226
62,.Bozeman MT Micro Area,24919,5836,10887,5051,18837,1465,17372,2752,650,1262,612,2084,111,1973
63,.Bradford PA Micro Area,-2836,-936,3863,4799,-1881,67,-1948,-325,-140,367,507,-184,1,-185
64,.Brainerd MN Micro Area,3757,524,9523,8999,3298,251,3047,529,-84,932,1016,611,13,598
65,.Branson MO Micro Area,4256,677,5806,5129,3587,238,3349,209,60,615,555,152,7,145
66,.Breckenridge CO Micro Area,3017,2028,2591,563,951,1029,-78,194,197,266,69,-4,101,-105
67,.Brenham TX Micro Area,2183,197,3691,3494,1999,285,1714,386,-19,364,383,407,-2,409
68,.Brevard NC Micro Area,1296,-1267,2460,3727,2570,-12,2582,212,-133,261,394,346,-3,349
69,.Brookhaven MS Micro Area,-713,266,4065,3799,-960,80,-1040,-57,10,413,403,-65,6,-71
70,.Brookings OR Micro Area,561,-1759,1631,3390,2311,-188,2499,130,-179,166,345,308,-24,332
71,.Brookings SD Micro Area,3111,2093,3890,1797,1021,1407,-386,0,239,443,204,-241,69,-310
72,.Brownsville TN Micro Area,-1503,87,1951,1864,-1598,19,-1617,-43,-44,189,233,1,-1,2
73,.Brownwood TX Micro Area,-242,-684,3809,4493,469,211,258,44,-58,382,440,104,13,91
74,.Bucyrus-Galion OH Micro Area,-2289,-614,4390,5004,-1664,144,-1808,10,-43,455,498,54,13,41
75,.Burley ID Micro Area,2050,3090,6509,3419,-1047,379,-1426,559,335,699,364,225,6,219
76,.Burlington IA-IL Micro Area,-2040,-210,4823,5033,-1820,169,-1989,-233,-29,500,529,-202,-11,-191
77,.Butte-Silver Bow MT Micro Area,706,-233,3603,3836,960,673,287,176,-55,364,419,232,51,181
78,.Cadillac MI Micro Area,1163,575,5336,4761,613,182,431,202,50,551,501,153,11,142
79,.Calhoun GA Micro Area,2742,1712,6410,4698,1061,327,734,335,98,669,571,240,23,217
80,.Cambridge MD Micro Area,-694,-125,3420,3545,-548,332,-880,-31,-55,340,395,27,8,19
81,.Cambridge OH Micro Area,-1217,-36,4201,4237,-1158,53,-1211,-136,-36,426,462,-98,-1,-97
82,.Camden AR Micro Area,-2925,-818,3027,3845,-2113,38,-2151,-276,-98,288,386,-176,-1,-175
83,.Campbellsville KY Micro Area,944,106,4101,3995,838,331,507,198,-8,431,439,208,7,201
84,.Cañon City CO Micro Area,1011,-1565,3471,5036,2558,108,2450,-120,-183,381,564,65,-5,70
85,.Carlsbad-Artesia NM Micro Area,4632,2483,7638,5155,2121,569,1552,731,255,805,550,475,47,428
86,.Carroll IA Micro Area,-651,148,2376,2228,-801,59,-860,12,13,237,224,-1,7,-8
87,.Cedar City UT Micro Area,8676,4979,7802,2823,3667,-130,3797,2161,507,830,323,1645,-30,1675
88,.Cedartown GA Micro Area,1118,847,5233,4386,276,164,112,267,91,580,489,176,-5,181
89,.Celina OH Micro Area,356,1615,5384,3769,-1250,104,-1354,220,259,644,385,-37,7,-44
90,.Central City KY Micro Area,-877,-318,3199,3517,-550,-13,-537,-189,-54,340,394,-135,-2,-133
91,.Centralia IL Micro Area,-2232,-316,4502,4818,-1907,118,-2025,-176,-10,451,461,-166,10,-176
92,.Centralia WA Micro Area,5250,292,8271,7979,4965,589,4376,1138,-15,895,910,1152,65,1087
93,.Charleston-Mattoon IL Micro Area,-3534,-14,5745,5759,-3543,568,-4111,-246,-38,571,609,-207,51,-258
94,.Chillicothe OH Micro Area,-1410,130,7792,7662,-1504,166,-1670,-218,-5,844,849,-211,9,-220
95,.Clarksburg WV Micro Area,-1787,-1300,9279,10579,-434,6,-440,-479,-277,887,1164,-195,-10,-185
96,.Clarksdale MS Micro Area,-4021,1015,3790,2775,-5081,-31,-5050,-481,73,355,282,-555,-7,-548
97,.Clearlake CA Micro Area,-276,-969,6824,7793,732,-169,901,69,-117,731,848,189,-26,215
98,.Cleveland MS Micro Area,-3525,750,4522,3772,-4289,119,-4408,-487,7,405,398,-496,23,-519
99,.Clewiston FL Micro Area,2879,2722,5440,2718,50,2939,-2889,686,220,576,356,467,341,126
100,.Clinton IA Micro Area,-2688,67,5191,5124,-2772,245,-3017,-8,-10,508,518,3,12,-9
101,.Clovis NM Micro Area,578,4661,8269,3608,-4153,1307,-5460,-384,446,824,378,-829,-8,-821
102,.Coffeyville KS Micro Area,-3639,-182,3828,4010,-3488,564,-4052,-262,-34,322,356,-229,61,-290
103,.Coldwater MI Micro Area,-1725,807,4885,4078,-2535,421,-2956,-49,96,515,419,-143,29,-172
104,.Columbus MS Micro Area,-1184,1716,7305,5589,-2886,912,-3798,-165,164,774,610,-328,89,-417
105,.Columbus NE Micro Area,1233,1870,4436,2566,-635,597,-1232,183,180,461,281,4,73,-69
106,.Concord NH Micro Area,4940,-43,12391,12434,5104,3462,1642,741,-83,1305,1388,830,279,551
107,.Connersville IN Micro Area,-1199,-601,2303,2904,-586,76,-662,26,-14,271,285,42,15,27
108,.Cookeville TN Micro Area,8217,-82,11278,11360,8336,1988,6348,1796,-52,1206,1258,1846,210,1636
109,.Coos Bay OR Micro Area,1432,-2564,5693,8257,4023,122,3901,215,-338,599,937,553,-15,568
110,.Cordele GA Micro Area,-1061,402,2705,2303,-1488,141,-1629,-245,-33,256,289,-213,11,-224
111,.Corinth MS Micro Area,-109,-217,4017,4234,140,27,113,143,-46,411,457,190,-7,197
112,.Cornelia GA Micro Area,2296,718,4729,4011,1572,96,1476,-45,88,537,449,-132,2,-134
113,.Corning NY Micro Area,-3603,719,9839,9120,-4306,535,-4841,-481,-41,981,1022,-440,49,-489
114,.Corsicana TX Micro Area,2273,1583,6400,4817,714,133,581,577,141,678,537,437,9,428
115,.Cortland NY Micro Area,-1709,323,4403,4080,-2037,212,-2249,-141,50,472,422,-191,19,-210
116,.Coshocton OH Micro Area,-300,512,4217,3705,-796,61,-857,4,52,460,408,-46,4,-50
117,.Craig CO Micro Area,-508,771,1659,888,-1302,86,-1388,100,89,170,81,11,19,-8
118,.Crawfordsville IN Micro Area,217,569,4195,3626,-328,191,-519,64,37,426,389,29,44,-15
119,.Crescent City CA Micro Area,-798,146,2810,2664,-982,103,-1085,72,6,261,255,68,15,53
120,.Crossville TN Micro Area,4460,-2362,5042,7404,6768,223,6545,782,-331,512,843,1107,20,1087
121,.Cullman AL Micro Area,3362,-13,9120,9133,3433,322,3111,350,-60,990,1050,414,34,380
122,.Cullowhee NC Micro Area,3961,205,5256,5051,3748,631,3117,360,-87,505,592,448,78,370
123,.Danville KY Micro Area,1430,361,5928,5567,1050,112,938,-85,34,639,605,-121,-3,-118
124,.Danville VA Micro Area,-6142,-3488,9454,12942,-2608,446,-3054,-1152,-490,934,1424,-659,20,-679
125,.Dayton TN Micro Area,1363,-44,3578,3622,1421,235,1186,256,-17,388,405,272,9,263
126,.Decatur IN Micro Area,1393,3415,6242,2827,-2028,49,-2077,182,415,676,261,-231,8,-239
127,.Defiance OH Micro Area,-939,459,4059,3600,-1403,246,-1649,-2,37,427,390,-37,9,-46
128,.Del Rio TX Micro Area,146,4541,7856,3315,-4443,653,-5096,37,380,759,379,-344,-15,-329
129,.Deming NM Micro Area,-1386,780,3544,2764,-2169,88,-2257,-168,65,346,281,-231,16,-247
130,.DeRidder LA Micro Area,1846,1224,4660,3436,634,263,371,128,119,531,412,12,11,1
131,.Dickinson ND Micro Area,7434,2304,4474,2170,4928,506,4422,606,277,516,239,332,35,297
132,.Dixon IL Micro Area,-1942,-136,3221,3357,-1809,50,-1859,-200,-38,338,376,-162,7,-169
133,.Dodge City KS Micro Area,-225,3722,5931,2209,-4000,2131,-6131,-258,340,559,219,-602,240,-842
134,.Douglas GA Micro Area,711,2307,6633,4326,-1645,164,-1809,121,242,714,472,-121,-2,-119
135,.Dublin GA Micro Area,-1202,837,7515,6678,-2028,103,-2131,235,43,791,748,192,6,186
136,.DuBois PA Micro Area,-2354,-1757,6918,8675,-533,547,-1080,-317,-211,732,943,-102,59,-161
137,.Dumas TX Micro Area,-964,2506,3815,1309,-3520,957,-4477,-143,239,369,130,-386,29,-415
138,.Duncan OK Micro Area,-1904,-296,4900,5196,-1588,225,-1813,-36,-80,491,571,47,22,25
139,.Durango CO Micro Area,4886,1824,4881,3057,3020,-60,3080,-78,105,472,367,-180,-11,-169
140,.Durant OK Micro Area,5579,811,5472,4661,4751,158,4593,804,47,589,542,753,14,739
141,.Dyersburg TN Micro Area,-1171,188,4350,4162,-1349,52,-1401,-127,-13,445,458,-113,-1,-112
142,.Eagle Pass TX Micro Area,4464,6536,9990,3454,-2075,1598,-3673,446,649,1042,393,-204,79,-283
143,.Easton MD Micro Area,-600,-940,3099,4039,380,166,214,107,-140,338,478,251,9,242
144,.Edwards CO Micro Area,2926,4837,5870,1033,-1929,1022,-2951,184,430,559,129,-246,118,-364
145,.Effingham IL Micro Area,-238,888,4216,3328,-1120,110,-1230,-173,94,469,375,-267,6,-273
146,.El Campo TX Micro Area,276,1239,5165,3926,-941,18,-959,57,144,564,420,-85,-15,-70
147,.El Dorado AR Micro Area,-2957,-137,4754,4891,-2845,-20,-2825,-457,-70,480,550,-387,-1,-386
148,.Elizabeth City NC Micro Area,-826,453,5705,5252,-1305,557,-1862,323,63,579,516,260,26,234
149,.Elk City OK Micro Area,-260,953,3150,2197,-1251,9,-1260,139,56,294,238,83,3,80
150,.Elkins WV Micro Area,-710,-523,2855,3378,-168,73,-241,-119,-66,319,385,-51,-2,-49
151,.Elko NV Micro Area,3878,4118,6906,2788,-337,-209,-128,270,406,787,381,-136,-45,-91
152,.Ellensburg WA Micro Area,7025,1043,3798,2755,5948,735,5213,577,119,426,307,457,81,376
153,.Emporia KS Micro Area,-639,1123,4029,2906,-1792,742,-2534,-57,117,407,290,-174,47,-221
154,.Enterprise AL Micro Area,2387,1103,5844,4741,1272,824,448,392,29,599,570,368,34,334
155,.Escanaba MI Micro Area,-1285,-712,3328,4040,-545,-8,-537,-59,-92,342,434,36,-3,39
156,.Española NM Micro Area,-1299,1043,4795,3752,-2343,349,-2692,-102,-42,417,459,-58,30,-88
157,.Eufaula AL-GA Micro Area,-2980,-351,2815,3166,-2642,39,-2681,-147,-64,272,336,-82,13,-95
158,.Eureka-Arcata CA Micro Area,947,1330,13502,12172,-341,167,-508,-686,-38,1352,1390,-642,-17,-625
159,.Evanston WY Micro Area,-895,1463,2755,1292,-2383,-79,-2304,-66,119,255,136,-186,0,-186
160,.Fairfield IA Micro Area,1455,-116,1403,1519,1572,2195,-623,39,-27,158,185,68,142,-74
161,.Fairmont MN Micro Area,-1160,-228,2083,2311,-928,11,-939,-89,10,234,224,-97,1,-98
162,.Fairmont WV Micro Area,-361,-260,5925,6185,-48,72,-120,-19,-79,594,673,62,-17,79
163,.Fallon NV Micro Area,34,484,2941,2457,-474,302,-776,403,67,327,260,336,-5,341
164,.Faribault-Northfield MN Micro Area,2829,2328,6784,4456,517,1625,-1108,406,253,743,490,156,181,-25
165,.Farmington MO Micro Area,1846,-362,6721,7083,2223,-23,2246,478,-81,693,774,559,-7,566
166,.Fergus Falls MN Micro Area,1445,-247,6002,6249,1755,432,1323,76,-36,648,684,118,31,87
167,.Fernley NV Micro Area,5528,129,5424,5295,5375,-293,5668,1697,45,664,619,1645,-46,1691
168,.Findlay OH Micro Area,994,1600,8384,6784,-578,1226,-1804,-137,159,881,722,-296,98,-394
169,.Fitzgerald GA Micro Area,-960,90,2099,2009,-1043,18,-1061,-122,-28,197,225,-94,6,-100
170,.Forest City NC Micro Area,-790,-1594,6242,7836,870,32,838,254,-200,662,862,455,-6,461
171,.Forrest City AR Micro Area,-3259,566,3155,2589,-3861,160,-4021,-515,-10,305,315,-506,2,-508
172,.Fort Dodge IA Micro Area,-2107,-59,4055,4114,-2056,411,-2467,-435,3,421,418,-439,28,-467
173,.Fort Leonard Wood MO Micro Area,325,4516,7312,2796,-4301,2625,-6926,610,379,676,297,231,48,183
174,.Fort Madison-Keokuk IA-IL-MO Micro Area,-3933,-399,6208,6607,-3531,70,-3601,-408,-43,620,663,-365,1,-366
175,.Fort Morgan CO Micro Area,909,1651,4031,2380,-753,1203,-1956,299,198,438,240,101,171,-70
176,.Fort Payne AL Micro Area,393,559,7756,7197,-117,510,-627,106,-24,795,819,134,44,90
177,.Fort Polk South LA Micro Area,-4932,5703,9292,3589,-10769,1613,-12382,-672,462,828,366,-1130,31,-1161
178,.Frankfort IN Micro Area,-820,745,4072,3327,-1578,145,-1723,207,102,422,320,107,20,87
179,.Frankfort KY Micro Area,3008,885,7769,6884,2180,612,1568,296,107,857,750,190,34,156
180,.Fredericksburg TX Micro Area,2160,-919,2315,3234,3079,272,2807,286,-125,248,373,409,12,397
181,.Freeport IL Micro Area,-3210,-455,4551,5006,-2768,199,-2967,-299,-71,476,547,-228,24,-252
182,.Fremont NE Micro Area,-120,413,4442,4029,-520,468,-988,-160,54,454,400,-214,61,-275
183,.Fremont OH Micro Area,-2428,148,6111,5963,-2570,86,-2656,-222,-21,603,624,-199,2,-201
184,.Gaffney SC Micro Area,1812,517,6226,5709,1340,-93,1433,231,28,652,624,205,-9,214
185,.Gainesville TX Micro Area,2821,1240,4979,3739,1584,361,1223,753,113,530,417,639,23,616
186,.Galesburg IL Micro Area,-3227,-1115,5149,6264,-2083,754,-2837,-279,-61,559,620,-219,77,-296
187,.Gallup NM Micro Area,-118,4418,9926,5508,-4557,489,-5046,-544,175,817,642,-721,17,-738
188,.Garden City KS Micro Area,-462,4562,6849,2287,-5082,1277,-6359,-164,441,672,231,-610,110,-720
189,.Gardnerville Ranchos NV Micro Area,1905,-1368,3041,4409,3304,-23,3327,416,-262,287,549,675,-16,691
190,.Georgetown SC Micro Area,2369,-1682,5241,6923,4073,52,4021,448,-358,521,879,804,-13,817
191,.Gillette WY Micro Area,431,4721,8273,3552,-4360,310,-4670,184,293,761,468,-110,71,-181
192,.Glasgow KY Micro Area,2043,577,6288,5711,1494,200,1294,135,23,670,647,114,-1,115
193,.Glenwood Springs CO Micro Area,4311,5328,8759,3431,-1040,1053,-2093,151,476,911,435,-327,147,-474
194,.Gloversville NY Micro Area,-2130,-631,4935,5566,-1485,118,-1603,-250,-48,517,565,-203,0,-203
195,.Granbury TX Micro Area,10480,-650,5519,6169,11054,342,10712,1466,-109,627,736,1567,2,1565
196,.Grand Rapids MN Micro Area,72,-505,4284,4789,625,62,563,79,-61,441,502,144,8,136
197,.Grants NM Micro Area,-540,967,3348,2381,-1518,190,-1708,-91,43,306,263,-134,9,-143
198,.Great Bend KS Micro Area,-1893,372,3123,2751,-2263,31,-2294,-278,-33,271,304,-245,5,-250
199,.Greeneville TN Micro Area,244,-2254,5954,8208,2548,113,2435,-95,-243,665,908,153,9,144
200,.Greensburg IN Micro Area,820,651,3096,2445,190,187,3,-166,47,320,273,-215,17,-232
201,.Greenville MS Micro Area,-7226,1219,6660,5441,-8517,112,-8629,-1127,-43,565,608,-1088,19,-1107
202,.Greenville OH Micro Area,-1855,293,5748,5455,-2138,89,-2227,-186,14,618,604,-199,10,-209
203,.Greenwood MS Micro Area,-4849,828,5199,4371,-5752,57,-5809,-406,32,496,464,-439,-7,-432
204,.Greenwood SC Micro Area,1120,1101,7926,6825,58,773,-715,214,8,811,803,208,76,132
205,.Grenada MS Micro Area,-1140,-253,2482,2735,-876,-26,-850,-226,-41,247,288,-185,-3,-182
206,.Guymon OK Micro Area,-657,1889,3423,1534,-2596,817,-3413,-508,201,350,149,-714,61,-775
207,.Hailey ID Micro Area,1633,1065,2086,1021,566,868,-302,235,90,202,112,146,119,27
208,.Hannibal MO Micro Area,-117,414,4295,3881,-503,109,-612,65,61,447,386,5,12,-7
209,.Harrison AR Micro Area,-50,-145,4841,4986,123,-77,200,0,-77,491,568,81,-11,92
210,.Hastings NE Micro Area,-4,871,3745,2874,-863,366,-1229,-151,75,391,316,-227,59,-286
211,.Hays KS Micro Area,101,934,3252,2318,-840,530,-1370,-93,46,294,248,-140,44,-184
212,.Heber UT Micro Area,16387,5403,7932,2529,10899,1322,9577,1279,564,868,304,711,155,556
213,.Helena MT Micro Area,6856,1433,7882,6449,5438,157,5281,937,56,847,791,883,-15,898
214,.Helena-West Helena AR Micro Area,-3973,305,2759,2454,-4337,-25,-4312,-272,12,267,255,-285,-4,-281
215,.Henderson NC Micro Area,-873,577,5235,4658,-1451,173,-1624,-100,46,571,525,-145,32,-177
216,.Hereford TX Micro Area,-826,1765,3115,1350,-2622,184,-2806,-165,161,320,159,-327,-2,-325
217,.Hermiston-Pendleton OR Micro Area,2491,4351,11050,6699,-1843,278,-2121,772,363,1115,752,413,50,363
218,.Hillsdale MI Micro Area,-1086,591,4981,4390,-1664,29,-1693,-97,29,509,480,-127,2,-129
219,.Hilo HI Micro Area,16437,6466,21947,15481,10050,4742,5308,4,234,2237,2003,-216,427,-643
220,.Hobbs NM Micro Area,6344,5350,10279,4929,919,1104,-185,1527,579,1086,507,945,22,923
221,.Holland MI Micro Area,6681,3682,12481,8799,3069,574,2495,908,360,1285,925,553,49,504
222,.Hood River OR Micro Area,1036,906,2546,1640,139,25,114,115,79,250,171,36,1,35
223,.Hope AR Micro Area,-1823,643,3944,3301,-2474,-123,-2351,-209,56,393,337,-266,-16,-250
224,.Houghton MI Micro Area,-981,137,3610,3473,-1141,1261,-2402,-233,-3,368,371,-232,64,-296
225,.Hudson NY Micro Area,-3605,-1386,4849,6235,-2178,516,-2694,-324,-187,489,676,-135,43,-178
226,.Huntingdon PA Micro Area,-856,-686,3647,4333,-132,283,-415,-251,-178,354,532,-72,35,-107
227,.Huntington IN Micro Area,-603,111,3895,3784,-705,108,-813,277,21,411,390,258,20,238
228,.Huntsville TX Micro Area,5111,977,5746,4769,4100,1513,2587,-165,-1,592,593,-168,151,-319
229,.Huron SD Micro Area,996,1072,3092,2020,-85,1621,-1706,17,103,305,202,-85,54,-139
230,.Hutchinson KS Micro Area,-2513,-250,6619,6869,-2229,229,-2458,-333,-29,670,699,-302,38,-340
231,.Hutchinson MN Micro Area,-752,713,3792,3079,-1475,138,-1613,66,47,372,325,22,5,17
232,.Indiana PA Micro Area,-4812,-894,7555,8449,-3912,643,-4555,-368,-136,760,896,-231,50,-281
233,.Indianola MS Micro Area,-4273,151,2955,2804,-4515,43,-4558,-1101,-32,275,307,-1078,3,-1081
234,.Iron Mountain MI-WI Micro Area,-1057,-776,2562,3338,-268,-7,-261,-131,-87,265,352,-42,-2,-40
235,.Jackson OH Micro Area,-806,99,3890,3791,-898,133,-1031,47,7,408,401,42,12,30
236,.Jackson WY-ID Micro Area,4143,2557,3663,1106,1536,706,830,686,245,363,118,437,94,343
237,.Jacksonville IL Micro Area,-2291,-375,3824,4199,-1907,378,-2285,-345,-40,398,438,-306,50,-356
238,.Jacksonville TX Micro Area,1812,1996,6916,4920,-141,156,-297,265,169,722,553,97,3,94
239,.Jamestown ND Micro Area,-396,-59,2134,2193,-326,128,-454,-171,9,223,214,-181,8,-189
240,.Jamestown-Dunkirk-Fredonia NY Micro Area,-8004,-674,12718,13392,-7370,1524,-8894,-569,-116,1282,1398,-450,21,-471
241,.Jasper AL Micro Area,-3499,-1956,7318,9274,-1495,108,-1603,-148,-219,750,969,74,-1,75
242,.Jasper IN Micro Area,539,1279,6337,5058,-720,644,-1364,63,136,690,554,-72,112,-184
243,.Jefferson GA Micro Area,12516,2353,7545,5192,10117,213,9904,2652,304,918,614,2337,26,2311
244,.Jennings LA Micro Area,-224,431,3908,3477,-640,41,-681,-169,-26,384,410,-143,6,-149
245,.Jesup GA Micro Area,-170,533,3631,3098,-722,109,-831,117,2,360,358,116,8,108
246,.Juneau AK Micro Area,698,1767,3479,1712,-1073,617,-1690,-63,163,340,177,-227,20,-247
247,.Kalispell MT Micro Area,12879,2377,10303,7926,10453,30,10423,1789,196,1113,917,1587,-42,1629
248,.Kapaa HI Micro Area,5198,2469,7902,5433,2788,2802,-14,125,90,794,704,39,269,-230
249,.Kearney NE Micro Area,3566,3205,7095,3890,380,728,-348,263,281,712,431,-15,37,-52
250,.Keene NH Micro Area,-1037,-368,6223,6591,-631,565,-1196,184,-82,636,718,269,52,217
251,.Kendallville IN Micro Area,206,1497,5629,4132,-1275,-3,-1272,201,177,632,455,27,15,12
252,.Kennett MO Micro Area,-2826,-109,3946,4055,-2732,195,-2927,-347,-90,357,447,-258,29,-287
253,.Kerrville TX Micro Area,2956,-1875,4812,6687,4829,325,4504,185,-217,530,747,403,29,374
254,.Ketchikan AK Micro Area,375,677,1540,863,-305,358,-663,45,65,153,88,-18,24,-42
255,.Key West FL Micro Area,1138,190,6687,6497,931,3279,-2348,-529,-51,685,736,-477,273,-750
256,.Kill Devil Hills NC Micro Area,3089,208,3233,3025,2876,244,2632,402,-28,332,360,430,40,390
257,.Kingsville TX Micro Area,-1390,1768,4171,2403,-3210,876,-4086,-75,163,408,245,-239,50,-289
258,.Kinston NC Micro Area,-3558,-625,5994,6619,-2923,261,-3184,-41,-160,608,768,122,42,80
259,.Kirksville MO Micro Area,-34,577,3044,2467,-613,828,-1441,-67,101,343,242,-169,101,-270
260,.Klamath Falls OR Micro Area,1854,234,7360,7126,1647,85,1562,551,-67,767,834,618,-2,620
261,.Laconia NH Micro Area,1228,-1440,4828,6268,2721,493,2228,158,-297,478,775,460,28,432
262,.La Grande OR Micro Area,1091,278,2743,2465,822,178,644,134,-3,277,280,137,11,126
263,.LaGrange GA-AL Micro Area,1967,1463,11966,10503,560,944,-384,-502,36,1240,1204,-542,100,-642
264,.Lake City FL Micro Area,4160,117,7437,7320,4042,297,3745,1018,-59,804,863,1069,4,1065
265,.Lamesa TX Micro Area,-1105,447,1710,1263,-1597,162,-1759,123,54,181,127,70,10,60
266,.Laramie WY Micro Area,2581,1911,3659,1748,660,1526,-866,152,143,341,198,6,259,-253
267,.Las Vegas NM Micro Area,-2458,113,3098,2985,-2603,551,-3154,-169,-31,277,308,-139,41,-180
268,.Laurel MS Micro Area,-360,2015,10788,8773,-2345,130,-2475,-140,66,1065,999,-203,18,-221
269,.Laurinburg NC Micro Area,-1337,481,4177,3696,-1827,144,-1971,72,9,436,427,66,13,53
270,.Lawrenceburg TN Micro Area,2286,374,5275,4901,1928,24,1904,371,46,585,539,326,-5,331
271,.Lebanon MO Micro Area,127,708,4388,3680,-576,-34,-542,127,78,474,396,51,-2,53
272,.Lebanon NH-VT Micro Area,-1486,-1915,17387,19302,591,2821,-2230,79,-326,1755,2081,419,161,258
273,.Levelland TX Micro Area,94,993,2927,1934,-897,80,-977,50,105,306,201,-55,-1,-54
274,.Lewisburg PA Micro Area,-40,187,3719,3532,-239,337,-576,-94,-20,402,422,-74,2,-76
275,.Lewisburg TN Micro Area,3764,505,3508,3003,3274,247,3027,569,67,411,344,500,15,485
276,.Lewistown PA Micro Area,-541,363,5315,4952,-862,148,-1010,-73,47,574,527,-117,11,-128
277,.Lexington NE Micro Area,-785,1721,3849,2128,-2537,938,-3475,-155,210,424,214,-366,116,-482
278,.Liberal KS Micro Area,-1522,2838,4026,1188,-4402,958,-5360,-474,293,403,110,-772,106,-878
279,.Lincoln IL Micro Area,-1687,-322,2779,3101,-1378,126,-1504,-294,-48,286,334,-245,13,-258
280,.Lock Haven PA Micro Area,-621,169,3845,3676,-778,116,-894,-64,-28,368,396,-33,8,-41
281,.Logansport IN Micro Area,-1281,788,4470,3682,-2089,817,-2906,-206,37,452,415,-242,112,-354
282,.London KY Micro Area,24,1999,18156,16157,-1919,253,-2172,-26,66,1876,1810,-86,-21,-65
283,.Los Alamos NM Micro Area,1419,424,1565,1141,964,690,274,381,62,173,111,318,62,256
284,.Ludington MI Micro Area,455,-350,2709,3059,831,78,753,60,-21,285,306,83,4,79
285,.Lufkin TX Micro Area,-56,2576,10851,8275,-2578,241,-2819,-95,74,1071,997,-167,6,-173
286,.Lumberton NC Micro Area,-3604,4701,16897,12196,-8274,511,-8785,-1259,319,1697,1378,-1578,58,-1636
287,.Macomb IL Micro Area,-2934,-200,2631,2831,-2771,685,-3456,-302,-38,258,296,-267,77,-344
288,.Madison IN Micro Area,-92,-55,3396,3451,-12,103,-115,151,22,372,350,133,10,123
289,.Madisonville KY Micro Area,-2232,-527,4970,5497,-1687,189,-1876,-338,-20,525,545,-318,7,-325
290,.Magnolia AR Micro Area,-1095,-173,2647,2820,-949,259,-1208,-129,-17,262,279,-111,9,-120
291,.Malone NY Micro Area,-1579,241,4513,4272,-1846,182,-2028,-257,-80,444,524,-177,-6,-171
292,.Malvern AR Micro Area,760,-333,3298,3631,1076,29,1047,99,-18,361,379,118,-1,119
293,.Manitowoc WI Micro Area,-2463,-433,7431,7864,-2018,550,-2568,-34,-59,757,816,31,67,-36
294,.Marietta OH Micro Area,-1876,-1152,5615,6767,-671,165,-836,-200,-131,594,725,-66,10,-76
295,.Marinette WI-MI Micro Area,-2648,-1848,5293,7141,-747,54,-801,-199,-179,541,720,-14,1,-15
296,.Marion IN Micro Area,-4294,-561,7002,7563,-3737,187,-3924,-270,-60,750,810,-209,26,-235
297,.Marion NC Micro Area,754,-497,4199,4696,1296,229,1067,291,-76,437,513,368,39,329
298,.Marion OH Micro Area,-1412,319,7009,6690,-1714,270,-1984,-334,3,734,731,-336,28,-364
299,.Marquette MI Micro Area,-372,-361,5794,6155,24,376,-352,318,-109,570,679,427,30,397
300,.Marshall MN Micro Area,-384,1313,3354,2041,-1727,853,-2580,-109,115,343,228,-225,94,-319
301,.Marshall MO Micro Area,-609,228,2556,2328,-833,387,-1220,-129,-1,240,241,-129,45,-174
302,.Marshalltown IA Micro Area,-1279,547,4962,4415,-1836,986,-2822,-519,36,514,478,-556,35,-591
303,.Martin TN Micro Area,-1687,-286,3177,3463,-1409,251,-1660,-85,-48,311,359,-34,34,-68
304,.Martinsville VA Micro Area,-4885,-2765,6085,8850,-2083,187,-2270,-566,-400,583,983,-164,6,-170
305,.Maryville MO Micro Area,-1281,270,2051,1781,-1567,110,-1677,-131,9,195,186,-141,4,-145
306,.Mason City IA Micro Area,-1913,-419,5015,5434,-1478,240,-1718,-224,-45,519,564,-178,15,-193
307,.Mayfield KY Micro Area,115,525,4645,4120,-394,442,-836,-53,72,492,420,-125,19,-144
308,.Maysville KY Micro Area,-420,-4,1942,1946,-414,83,-497,-10,18,208,190,-26,11,-37
309,.McAlester OK Micro Area,-2173,-837,4838,5675,-1308,42,-1350,-216,-108,508,616,-108,3,-111
310,.McComb MS Micro Area,-1113,431,5119,4688,-1533,22,-1555,-92,9,540,531,-100,4,-104
311,.McMinnville TN Micro Area,1453,-63,4408,4471,1547,339,1208,451,2,473,471,450,37,413
312,.McPherson KS Micro Area,-644,-404,3016,3420,-236,66,-302,14,-31,305,336,47,0,47
313,.Meadville PA Micro Area,-4121,-615,8627,9242,-3470,193,-3663,-481,-53,908,961,-425,22,-447
314,.Menomonie WI Micro Area,1503,1165,4153,2988,357,315,42,277,110,430,320,171,16,155
315,.Meridian MS Micro Area,-8038,1025,11877,10852,-9108,235,-9343,-1148,23,1199,1176,-1173,-26,-1147
316,.Mexico MO Micro Area,-143,382,3126,2744,-514,24,-538,-35,37,309,272,-72,4,-76
317,.Miami OK Micro Area,-721,-86,4051,4137,-630,134,-764,-192,-61,409,470,-131,15,-146
318,.Middlesborough KY Micro Area,-2659,-402,3168,3570,-2268,23,-2291,-455,-63,316,379,-393,5,-398
319,.Milledgeville GA Micro Area,-1894,-76,4813,4889,-1923,323,-2246,86,-140,460,600,228,31,197
320,.Minden LA Micro Area,-2867,-260,4608,4868,-2607,46,-2653,-452,-79,452,531,-371,5,-376
321,.Mineral Wells TX Micro Area,1057,314,3311,2997,752,86,666,315,9,352,343,306,2,304
322,.Minot ND Micro Area,6176,6349,11622,5273,-344,2223,-2567,-166,603,1180,577,-770,117,-887
323,.Mitchell SD Micro Area,392,594,2758,2164,-192,204,-396,80,73,281,208,7,-4,11
324,.Moberly MO Micro Area,-670,117,2640,2523,-789,42,-831,16,53,292,239,-37,5,-42
325,.Montrose CO Micro Area,1992,216,4412,4196,1771,43,1728,682,-20,448,468,700,16,684
326,.Morehead City NC Micro Area,3010,-1967,5430,7397,4989,576,4413,35,-363,531,894,400,22,378
327,.Morgan City LA Micro Area,-5299,1655,6797,5142,-7020,590,-7610,-493,90,647,557,-584,38,-622
328,.Moscow ID Micro Area,2865,2029,4094,2065,850,1233,-383,279,207,422,215,72,52,20
329,.Moses Lake WA Micro Area,8609,7715,14050,6335,942,1242,-300,1061,767,1486,719,296,81,215
330,.Moultrie GA Micro Area,104,1765,6136,4371,-1647,138,-1785,145,134,605,471,11,-18,29
331,.Mountain Home AR Micro Area,421,-2988,3244,6232,3427,20,3407,308,-346,349,695,655,-1,656
332,.Mountain Home ID Micro Area,471,2617,4302,1685,-2201,1131,-3332,149,261,456,195,-113,40,-153
333,.Mount Airy NC Micro Area,-1966,-1114,6974,8088,-802,301,-1103,-176,-138,736,874,-32,40,-72
334,.Mount Gay-Shamrock WV Micro Area,-4735,-1318,3631,4949,-3441,-13,-3428,-590,-138,349,487,-453,-1,-452
335,.Mount Pleasant MI Micro Area,-441,1762,6129,4367,-2256,1819,-4075,-591,200,660,460,-800,121,-921
336,.Mount Pleasant TX Micro Area,1109,2468,6319,3851,-1362,628,-1990,118,256,651,395,-139,-3,-136
337,.Mount Sterling KY Micro Area,2743,1061,5716,4655,1697,-56,1753,156,62,605,543,97,-12,109
338,.Mount Vernon IL Micro Area,-1141,263,4413,4150,-1384,267,-1651,-24,7,452,445,-30,14,-44
339,.Mount Vernon OH Micro Area,1394,1064,6777,5713,356,-3,359,422,111,741,630,314,-5,319
340,.Murray KY Micro Area,1811,-85,3545,3630,1896,1131,765,37,-48,359,407,85,14,71
341,.Muscatine IA Micro Area,-139,1349,5002,3653,-1485,728,-2213,-210,154,526,372,-365,47,-412
342,.Muskogee OK Micro Area,-3000,-176,8395,8571,-2810,155,-2965,-327,-85,821,906,-243,7,-250
343,.Nacogdoches TX Micro Area,680,2675,7926,5251,-2014,516,-2530,43,166,770,604,-123,2,-125
344,.Natchez MS-LA Micro Area,-3170,-175,5873,6048,-3043,1455,-4498,-678,-74,594,668,-606,143,-749
345,.Natchitoches LA Micro Area,-1411,1096,4785,3689,-2496,169,-2665,-458,70,468,398,-528,23,-551
346,.Newberry SC Micro Area,930,25,4014,3989,933,121,812,-3,-59,395,454,57,-1,58
347,.New Castle IN Micro Area,-1494,-1032,4326,5358,-428,29,-457,-159,-101,448,549,-56,4,-60
348,.New Castle PA Micro Area,-5645,-2383,8207,10590,-3229,196,-3425,-616,-227,863,1090,-387,9,-396
349,.New Philadelphia-Dover OH Micro Area,-598,937,10494,9557,-1472,638,-2110,-92,50,1098,1048,-137,26,-163
350,.Newport OR Micro Area,3929,-1541,3903,5444,5428,150,5278,738,-224,385,609,959,0,959
351,.Newport TN Micro Area,362,-1106,3510,4616,1496,-47,1543,146,-135,361,496,282,-10,292
352,.New Ulm MN Micro Area,-885,-173,2535,2708,-705,93,-798,-117,1,276,275,-117,8,-125
353,.Nogales AZ Micro Area,-922,3314,5987,2673,-4313,795,-5108,103,303,619,316,-201,56,-257
354,.Norfolk NE Micro Area,-103,1875,6242,4367,-1980,741,-2721,-137,178,652,474,-319,74,-393
355,.North Platte NE Micro Area,-1434,640,4058,3418,-2082,180,-2262,-237,67,423,356,-305,19,-324
356,.North Vernon IN Micro Area,-794,438,3131,2693,-1229,-17,-1212,56,36,338,302,22,-1,23
357,.North Wilkesboro NC Micro Area,-898,-1032,6284,7316,206,333,-127,-151,-147,670,817,2,52,-50
358,.Norwalk OH Micro Area,-1357,1351,6761,5410,-2722,167,-2889,-98,109,698,589,-206,-4,-202
359,.Oak Harbor WA Micro Area,6633,1947,8445,6498,4661,1580,3081,914,154,916,762,759,59,700
360,.Ogdensburg-Massena NY Micro Area,-4200,1356,10627,9271,-5584,1241,-6825,-587,-94,988,1082,-495,96,-591
361,.Oil City PA Micro Area,-4320,-1209,4867,6076,-3102,15,-3117,-533,-228,452,680,-305,1,-306
362,.Okeechobee FL Micro Area,2172,927,4912,3985,1256,666,590,514,95,542,447,419,61,358
363,.Olean NY Micro Area,-4220,482,8188,7706,-4720,230,-4950,-609,-47,801,848,-560,5,-565
364,.Oneonta NY Micro Area,-2785,-871,4770,5641,-1893,338,-2231,-317,-163,485,648,-149,25,-174
365,.Ontario OR-ID Micro Area,584,2074,6750,4676,-1491,-361,-1130,462,228,702,474,235,-48,283
366,.Opelousas LA Micro Area,-1266,2754,11659,8905,-3972,12,-3984,-658,94,1111,1017,-750,6,-756
367,.Orangeburg SC Micro Area,-6333,-169,9641,9810,-6179,317,-6496,-838,-204,950,1154,-631,24,-655
368,.Oskaloosa IA Micro Area,-287,462,2573,2111,-740,211,-951,77,49,266,217,30,15,15
369,.Othello WA Micro Area,1252,2581,3664,1083,-1346,225,-1571,247,288,388,100,-41,24,-65
370,.Ottawa IL Micro Area,-7870,-1525,14631,16156,-6322,555,-6877,-818,-205,1485,1690,-611,47,-658
371,.Ottawa KS Micro Area,-452,491,2894,2403,-936,89,-1025,-81,45,295,250,-127,9,-136
372,.Ottumwa IA Micro Area,-655,294,4056,3762,-928,953,-1881,-22,44,436,392,-67,87,-154
373,.Owatonna MN Micro Area,68,1354,4164,2810,-1292,41,-1333,-89,83,391,308,-172,-6,-166
374,.Oxford MS Micro Area,6658,1544,5037,3493,4974,356,4618,477,118,513,395,361,19,342
375,.Ozark AL Micro Area,-1079,1525,6137,4612,-2604,702,-3306,29,102,648,546,-71,18,-89
376,.Paducah KY-IL Micro Area,-2463,-1203,10317,11520,-1191,37,-1228,-294,-179,1042,1221,-109,-12,-97
377,.Pahrump NV Micro Area,2578,-2948,3443,6391,5505,-328,5833,1337,-356,379,735,1684,-63,1747
378,.Palatka FL Micro Area,144,-1310,7753,9063,1492,89,1403,478,-207,826,1033,681,-24,705
379,.Palestine TX Micro Area,-717,-752,5460,6212,67,293,-226,-239,-166,588,754,-72,32,-104
380,.Pampa TX Micro Area,-726,472,2963,2491,-1232,90,-1322,-209,4,267,263,-216,-1,-215
381,.Paragould AR Micro Area,3235,840,5289,4449,2396,48,2348,-14,82,587,505,-94,-7,-87
382,.Paris TN Micro Area,-4,-1216,3046,4262,1241,21,1220,9,-181,300,481,192,-5,197
383,.Paris TX Micro Area,68,388,6062,5674,-303,31,-334,130,-42,619,661,174,2,172
384,.Parsons KS Micro Area,-1991,35,2466,2431,-2042,12,-2054,-288,26,248,222,-315,-3,-312
385,.Payson AZ Micro Area,426,-1531,5452,6983,1994,212,1782,217,-297,514,811,513,9,504
386,.Pearsall TX Micro Area,3089,1071,2322,1251,2001,1825,176,95,93,251,158,1,236,-235
387,.Pecos TX Micro Area,2280,745,1730,985,1496,620,876,484,81,187,106,401,51,350
388,.Pella IA Micro Area,-54,258,3364,3106,-306,100,-406,-6,13,340,327,-19,4,-23
389,.Peru IN Micro Area,-1389,57,3454,3397,-1453,128,-1581,-130,18,382,364,-149,26,-175
390,.Picayune MS Micro Area,-204,-31,5861,5892,-151,-200,49,212,-71,610,681,285,-30,315
391,.Pierre SD Micro Area,636,1025,2531,1506,-388,-33,-355,-76,97,265,168,-174,-2,-172
392,.Pinehurst-Southern Pines NC Micro Area,12630,-387,9688,10075,12924,799,12125,2075,-30,1139,1169,2101,78,2023
393,.Pittsburg KS Micro Area,-317,659,4479,3820,-970,963,-1933,-93,87,448,361,-183,85,-268
394,.Plainview TX Micro Area,-2800,1667,4510,2843,-4540,142,-4682,-225,128,427,299,-354,0,-354
395,.Platteville WI Micro Area,235,610,5137,4527,-391,209,-600,-5,90,561,471,-93,10,-103
396,.Plattsburgh NY Micro Area,-1646,595,7100,6505,-2229,779,-3008,-194,12,756,744,-204,49,-253
397,.Plymouth IN Micro Area,-792,1158,5419,4261,-1949,329,-2278,-38,105,582,477,-143,56,-199
398,.Point Pleasant WV-OH Micro Area,-1876,-644,6006,6650,-1216,162,-1378,-283,-141,615,756,-137,13,-150
399,.Ponca City OK Micro Area,-3024,216,5610,5394,-3237,19,-3256,-406,-39,537,576,-365,-2,-363
400,.Pontiac IL Micro Area,-3297,-135,3852,3987,-3221,276,-3497,-66,10,422,412,-74,32,-106
401,.Poplar Bluff MO Micro Area,-1132,-395,6594,6989,-685,-15,-670,-241,-135,635,770,-106,1,-107
402,.Portales NM Micro Area,-1340,1195,2596,1401,-2592,368,-2960,-259,108,253,145,-369,34,-403
403,.Port Angeles WA Micro Area,5935,-2818,6116,8934,8734,503,8231,780,-429,632,1061,1206,44,1162
404,.Port Lavaca TX Micro Area,-92,757,2649,1892,-845,281,-1126,-214,44,262,218,-259,8,-267
405,.Portsmouth OH Micro Area,-4336,-891,8120,9011,-3446,219,-3665,-166,-133,825,958,-31,8,-39
406,.Pottsville PA Micro Area,-6931,-5037,12805,17842,-1787,464,-2251,-456,-496,1282,1778,50,23,27
407,.Price UT Micro Area,-940,519,2560,2041,-1482,68,-1550,230,47,231,184,182,2,180
408,.Prineville OR Micro Area,3426,-309,1983,2292,3708,-54,3762,579,-7,259,266,585,-11,596
409,.Pullman WA Micro Area,5326,1551,3984,2433,3691,3739,-48,421,151,390,239,272,393,-121
410,.Quincy IL-MO Micro Area,-2095,207,8627,8420,-2266,215,-2481,-251,-52,901,953,-196,16,-212
411,.Raymondville TX Micro Area,-778,1176,2724,1548,-1965,112,-2077,-92,69,252,183,-163,5,-168
412,.Red Bluff CA Micro Area,1644,1179,7041,5862,505,-131,636,1066,78,739,661,985,-29,1014
413,.Red Wing MN Micro Area,156,346,4745,4399,-162,110,-272,41,49,503,454,-7,3,-10
414,.Rexburg ID Micro Area,2221,9669,11868,2199,-7529,301,-7830,590,1058,1291,233,-463,-7,-456
415,.Richmond IN Micro Area,-3112,-628,7229,7857,-2466,303,-2769,-162,-109,757,866,-52,70,-122
416,.Richmond-Berea KY Micro Area,9501,2067,10636,8569,7365,653,6712,836,169,1123,954,668,3,665
417,.Rio Grande City-Roma TX Micro Area,3666,8374,12035,3661,-4744,754,-5498,384,778,1178,400,-397,-10,-387
418,.Riverton WY Micro Area,-862,1255,5266,4011,-2137,-32,-2105,-300,20,505,485,-319,-3,-316
419,.Roanoke Rapids NC Micro Area,-7237,-1706,7040,8746,-5551,194,-5745,-839,-290,713,1003,-549,16,-565
420,.Rochelle IL Micro Area,-2847,275,4920,4645,-3154,122,-3276,-138,30,525,495,-167,5,-172
421,.Rockingham NC Micro Area,-1818,42,5087,5045,-1849,34,-1883,-59,3,559,556,-61,3,-64
422,.Rockport TX Micro Area,352,-969,2240,3209,1255,-18,1273,64,-172,193,365,236,-11,247
423,.Rock Springs WY Micro Area,-1463,2909,5555,2646,-4461,59,-4520,-515,208,506,298,-727,23,-750
424,.Rolla MO Micro Area,-551,669,4748,4079,-1246,1736,-2982,22,40,461,421,-18,173,-191
425,.Roseburg OR Micro Area,3296,-3255,10023,13278,6637,-47,6684,866,-408,1065,1473,1274,-35,1309
426,.Roswell NM Micro Area,-1033,2282,8366,6084,-3293,509,-3802,61,184,819,635,-122,26,-148
427,.Ruidoso NM Micro Area,-921,-229,1689,1918,-695,138,-833,54,-33,174,207,89,18,71
428,.Russellville AR Micro Area,1477,2092,9877,7785,-606,681,-1287,357,186,1023,837,172,9,163
429,.Ruston LA Micro Area,2,1711,5230,3519,-1716,1202,-2918,-370,99,516,417,-471,85,-556
430,.Rutland VT Micro Area,-3469,-1379,4906,6285,-2077,113,-2190,-405,-171,498,669,-234,8,-242
431,.Safford AZ Micro Area,1625,2507,5180,2673,-910,322,-1232,842,203,526,323,637,30,607
432,.St. Marys GA Micro Area,4154,4249,7342,3093,-117,559,-676,1015,396,768,372,616,-29,645
433,.St. Marys PA Micro Area,-2036,-819,2772,3591,-1210,11,-1221,-200,-91,268,359,-108,1,-109
434,.Salem OH Micro Area,-5969,-1480,9886,11366,-4458,69,-4527,-590,-204,982,1186,-383,-1,-382
435,.Salina KS Micro Area,-1767,1692,7285,5593,-3444,191,-3635,-211,164,721,557,-375,3,-378
436,.Sandpoint ID Micro Area,4862,-133,3769,3902,4969,21,4948,1034,-12,426,438,1044,-13,1057
437,.Sandusky OH Micro Area,-2797,-1347,7282,8629,-1405,193,-1598,-247,-138,778,916,-106,-6,-100
438,.Sanford NC Micro Area,3930,2196,7321,5125,1751,599,1152,571,211,774,563,360,56,304
439,.Sault Ste. Marie MI Micro Area,-1323,-114,3195,3309,-1224,274,-1498,-112,-56,318,374,-54,3,-57
440,.Sayre PA Micro Area,-2377,162,6539,6377,-2535,198,-2733,-471,-93,632,725,-377,16,-393
441,.Scottsbluff NE Micro Area,-1442,754,4666,3912,-2201,200,-2401,-307,81,475,394,-387,23,-410
442,.Scottsboro AL Micro Area,-1597,-1121,5239,6360,-431,147,-578,5,-113,562,675,121,-7,128
443,.Scottsburg IN Micro Area,-322,-272,2583,2855,-44,107,-151,89,-48,262,310,137,20,117
444,.Searcy AR Micro Area,1667,1266,8890,7624,419,272,147,372,44,881,837,333,-27,360
445,.Sedalia MO Micro Area,125,1359,5384,4025,-1209,288,-1497,-102,153,577,424,-255,15,-270
446,.Selinsgrove PA Micro Area,651,632,3904,3272,56,141,-85,-146,41,426,385,-186,5,-191
447,.Selma AL Micro Area,-6617,-178,4760,4938,-6484,6,-6490,-1098,-104,438,542,-997,5,-1002
448,.Seneca SC Micro Area,5261,-1048,7071,8119,6311,918,5393,1239,-257,701,958,1493,150,1343
449,.Seneca Falls NY Micro Area,-1232,204,3351,3147,-1431,126,-1557,-163,5,318,313,-167,8,-175
450,.Sevierville TN Micro Area,8530,410,9656,9246,8085,1395,6690,355,-38,1025,1063,399,169,230
451,.Seymour IN Micro Area,1855,1167,5431,4264,708,908,-200,163,135,591,456,29,114,-85
452,.Shawano WI Micro Area,-732,295,4900,4605,-1005,192,-1197,89,88,533,445,4,8,-4
453,.Shawnee OK Micro Area,3149,756,8357,7601,2427,239,2188,79,5,846,841,78,20,58
454,.Shelby NC Micro Area,-85,-922,9997,10919,916,463,453,428,-117,1102,1219,548,44,504
455,.Shelbyville TN Micro Area,4656,1474,5848,4374,3185,657,2528,567,196,678,482,371,88,283
456,.Shelton WA Micro Area,6079,-144,5926,6070,6237,1032,5205,1388,-3,666,669,1388,130,1258
457,.Sheridan WY Micro Area,1361,104,3026,2922,1270,140,1130,266,-38,308,346,303,14,289
458,.Show Low AZ Micro Area,3436,5361,14474,9113,-1895,514,-2409,682,330,1447,1117,355,44,311
459,.Sidney OH Micro Area,-865,1574,5683,4109,-2460,551,-3011,-32,171,613,442,-205,34,-239
460,.Sikeston MO Micro Area,-919,651,4643,3992,-1545,30,-1575,-261,28,482,454,-286,-6,-280
461,.Silver City NM Micro Area,-2514,-367,2765,3132,-2131,58,-2189,-305,-69,256,325,-231,-10,-221
462,.Snyder TX Micro Area,-216,633,2232,1599,-853,81,-934,-109,21,203,182,-130,6,-136
463,.Somerset KY Micro Area,1918,-475,6922,7397,2449,225,2224,395,-36,755,791,432,-2,434
464,.Somerset PA Micro Area,-4284,-2723,6235,8958,-1498,260,-1758,-425,-300,638,938,-120,17,-137
465,.Sonora CA Micro Area,-890,-1651,4283,5934,784,321,463,91,-155,466,621,252,20,232
466,.Spearfish SD Micro Area,1754,36,2158,2122,1697,299,1398,117,-9,224,233,127,17,110
467,.Spencer IA Micro Area,-651,91,1830,1739,-737,39,-776,-90,38,201,163,-129,4,-133
468,.Spirit Lake IA Micro Area,591,-369,1473,1842,974,59,915,137,-31,147,178,168,5,163
469,.Starkville MS Micro Area,1355,2179,6298,4119,-861,861,-1722,239,143,660,517,96,111,-15
470,.Statesboro GA Micro Area,9365,3270,8052,4782,5980,1037,4943,2366,329,890,561,2019,84,1935
471,.Steamboat Springs CO Micro Area,2132,1022,2016,994,1087,480,607,131,74,207,133,57,43,14
472,.Stephenville TX Micro Area,4803,1459,4475,3016,3307,92,3215,475,145,480,335,329,-7,336
473,.Sterling CO Micro Area,-300,209,2109,1900,-518,57,-575,141,22,217,195,121,6,115
474,.Sterling IL Micro Area,-3326,-196,5861,6057,-3128,-2,-3126,-378,-39,610,649,-337,-7,-330
475,.Stevens Point WI Micro Area,751,1537,6382,4845,-749,822,-1571,-78,155,658,503,-233,50,-283
476,.Stillwater OK Micro Area,4437,3002,8191,5189,1453,4134,-2681,-388,223,815,592,-618,396,-1014
477,.Storm Lake IA Micro Area,-645,1190,2886,1696,-1846,721,-2567,-206,138,286,148,-345,40,-385
478,.Sturgis MI Micro Area,-339,1502,7324,5822,-1821,320,-2141,52,144,726,582,-91,22,-113
479,.Sulphur Springs TX Micro Area,1921,640,4239,3599,1290,-70,1360,346,58,444,386,287,-9,296
480,.Summerville GA Micro Area,-1233,-263,2673,2936,-977,50,-1027,7,-11,299,310,18,5,13
481,.Sunbury PA Micro Area,-3633,-2066,8727,10793,-1497,220,-1717,-237,-205,888,1093,-26,-8,-18
482,.Susanville CA Micro Area,-4322,638,2774,2136,-5081,115,-5196,-45,79,281,202,-126,7,-133
483,.Sweetwater TX Micro Area,-499,216,1853,1637,-719,124,-843,-85,14,187,173,-100,15,-115
484,.Tahlequah OK Micro Area,1665,803,5469,4666,884,343,541,50,22,556,534,31,42,-11
485,.Talladega-Sylacauga AL Micro Area,-2375,-1177,7978,9155,-1152,321,-1473,-159,-200,844,1044,46,32,14
486,.Taos NM Micro Area,-210,18,2763,2745,-205,175,-380,24,-46,271,317,72,-14,86
487,.Taylorville IL Micro Area,-2491,-634,3185,3819,-1857,31,-1888,-349,-72,324,396,-276,-1,-275
488,.The Dalles OR Micro Area,1471,-56,2829,2885,1532,69,1463,250,0,299,299,251,3,248
489,.Thomaston GA Micro Area,-829,-411,2990,3401,-414,-18,-396,135,-94,306,400,234,-4,238
490,.Thomasville GA Micro Area,-272,567,5253,4686,-809,190,-999,117,15,531,516,105,18,87
491,.Tiffin OH Micro Area,-1564,-46,5416,5462,-1513,466,-1979,-16,28,589,561,-42,34,-76
492,.Tifton GA Micro Area,508,1517,5219,3702,-1056,21,-1077,102,135,554,419,-34,-4,-30
493,.Toccoa GA Micro Area,-228,-357,2846,3203,142,3,139,-82,-39,317,356,-42,0,-42
494,.Torrington CT Micro Area,-9547,-3159,13334,16493,-6375,2276,-8651,-762,-456,1382,1838,-299,263,-562
495,.Traverse City MI Micro Area,7286,-403,13131,13534,7712,306,7406,842,-73,1402,1475,918,15,903
496,.Troy AL Micro Area,213,497,3463,2966,-313,947,-1260,-128,6,345,339,-131,79,-210
497,.Truckee-Grass Valley CA Micro Area,1008,-1690,7428,9118,2792,101,2691,247,-208,778,986,462,-3,465
498,.Tullahoma-Manchester TN Micro Area,5007,-900,10386,11286,5949,242,5707,947,8,1172,1164,941,36,905
499,.Tupelo MS Micro Area,4595,3725,20110,16385,940,339,601,420,320,2101,1781,109,50,59
500,.Ukiah CA Micro Area,-1101,1685,9521,7836,-2718,-153,-2565,-652,73,933,860,-720,-60,-660
501,.Union SC Micro Area,-1657,-673,2858,3531,-978,-16,-962,-8,-84,294,378,79,-1,80
502,.Union City TN Micro Area,-1738,-384,3195,3579,-1353,9,-1362,-205,-89,328,417,-116,5,-121
503,.Urbana OH Micro Area,-1216,98,3752,3654,-1312,89,-1401,100,14,412,398,90,3,87
504,.Uvalde TX Micro Area,336,1413,3701,2288,-1054,146,-1200,-46,125,378,253,-171,-36,-135
505,.Van Wert OH Micro Area,-484,185,3099,2914,-661,72,-733,22,44,339,295,-21,-1,-20
506,.Vermillion SD Micro Area,204,443,1355,912,-247,200,-447,87,51,131,80,37,-1,38
507,.Vernal UT Micro Area,3146,3880,5965,2085,-822,151,-973,329,305,536,231,25,15,10
508,.Vernon TX Micro Area,-766,81,1515,1434,-858,78,-936,-8,11,154,143,-18,2,-20
509,.Vicksburg MS Micro Area,-3389,835,5682,4847,-4224,152,-4376,-712,58,576,518,-770,16,-786
510,.Vidalia GA Micro Area,-349,928,4530,3602,-1270,-18,-1252,-68,80,474,394,-146,-14,-132
511,.Vincennes IN Micro Area,-1846,94,4143,4049,-1941,116,-2057,-2,-4,390,394,3,20,-17
512,.Vineyard Haven MA Micro Area,797,184,1510,1326,615,2,613,3,25,171,146,-20,-1,-19
513,.Wabash IN Micro Area,-1892,-796,3112,3908,-1092,66,-1158,-202,-100,306,406,-103,10,-113
514,.Wahpeton ND-MN Micro Area,-513,362,2353,1991,-869,-63,-806,-89,54,263,209,-144,-12,-132
515,.Wapakoneta OH Micro Area,-261,651,5111,4460,-899,262,-1161,-80,66,559,493,-147,18,-165
516,.Warren PA Micro Area,-2620,-982,3714,4696,-1618,87,-1705,-360,-114,417,531,-245,5,-250
517,.Warrensburg MO Micro Area,1497,2915,6608,3693,-1425,1029,-2454,441,308,686,378,135,41,94
518,.Warsaw IN Micro Area,2101,3086,9530,6444,-924,502,-1426,40,305,1029,724,-261,85,-346
519,.Washington IN Micro Area,1697,1875,4951,3076,-163,160,-323,73,212,539,327,-142,21,-163
520,.Washington NC Micro Area,-790,-1057,4392,5449,310,15,295,-62,-189,439,628,131,3,128
521,.Washington Court House OH Micro Area,-509,-98,3193,3291,-391,96,-487,-128,21,330,309,-147,4,-151
522,.Watertown SD Micro Area,1049,1622,4459,2837,-559,220,-779,70,145,435,290,-73,4,-77
523,.Watertown-Fort Atkinson WI Micro Area,1081,1945,8070,6125,-810,335,-1145,-280,141,835,694,-422,28,-450
524,.Wauchula FL Micro Area,-800,1603,3529,1926,-2431,313,-2744,-231,146,339,193,-378,-2,-376
525,.Waycross GA Micro Area,141,725,6764,6039,-582,-12,-570,224,58,739,681,166,-14,180
526,.Weatherford OK Micro Area,1463,1378,4079,2701,56,540,-484,8,121,398,277,-113,55,-168
527,.West Plains MO Micro Area,-269,81,4732,4651,-320,101,-421,-9,-4,504,508,-2,9,-11
528,.West Point MS Micro Area,-1332,-83,2083,2166,-1246,36,-1282,-88,-21,209,230,-66,4,-70
529,.Whitewater WI Micro Area,1638,843,9303,8460,857,57,800,318,-23,924,947,343,-23,366
530,.Williston ND Micro Area,15190,3400,5527,2127,11403,170,11233,2120,491,725,234,1624,23,1601
531,.Willmar MN Micro Area,960,1809,5364,3555,-844,1690,-2534,289,198,568,370,93,193,-100
532,.Wilmington OH Micro Area,-80,542,4617,4075,-610,115,-725,-117,12,470,458,-126,3,-129
533,.Wilson NC Micro Area,577,974,8873,7899,-334,689,-1023,409,0,944,944,413,77,336
534,.Winfield KS Micro Area,-1401,91,4055,3964,-1494,337,-1831,-241,-20,393,413,-221,19,-240
535,.Winnemucca NV Micro Area,310,1160,2304,1144,-879,2,-881,53,109,221,112,-56,-1,-55
536,.Winona MN Micro Area,-977,519,4348,3829,-1502,521,-2023,-251,16,456,440,-267,25,-292
537,.Wisconsin Rapids-Marshfield WI Micro Area,-1751,485,7627,7142,-2226,220,-2446,45,74,798,724,-25,17,-42
538,.Woodward OK Micro Area,-165,852,3117,2265,-1056,295,-1351,-181,17,290,273,-199,29,-228
539,.Wooster OH Micro Area,1194,3917,14085,10168,-2673,877,-3550,-80,296,1446,1150,-377,47,-424
540,.Worthington MN Micro Area,251,1745,3415,1670,-1524,1377,-2901,-115,196,382,186,-312,87,-399
541,.Yankton SD Micro Area,376,404,2489,2085,-10,57,-67,55,54,261,207,3,1,2
542,.Zanesville OH Micro Area,129,515,9519,9004,-326,541,-867,84,31,1002,971,58,43,15
543,.Zapata TX Micro Area,161,1654,2501,847,-1501,15,-1516,30,104,214,110,-75,-9,-66